Category,Item name
"?","215 KG/REGULAR/1000 MM X 1000 MM"
"?","Cable"
"?","Cards"
"?","CCTV Live Monitoring"
"?","Pellets"
"?","Pipe with Accessories and fitting."
"?","PV 1276B"
"?","RTU 90"
"?","Satuterne"
"?","SILENT : GREY SILENT"
"?","STAND 4 FT"
"?","SU 11"
"?","SUN"
"?","TTB-Nelster"
"?","UPS & ITS BATTERY WARRANTY"
"?","Vision Panel Cutting"
"Civil","0.5MM COLOR COATED GALVALUME  SHEETS FOR ROOF, SIDE CLADDING 1.5M  FROM TOP OF ROOF ON BOTH LENGTH  WISE SIDES, NO SIDE CLADDING ON BOTH  GABLE END SIDES.  ALONG WITH  REQUIRED FLASHING  - OFF WHITE COLOR."
"Civil","0.5MM COLOR COATED GALVALUME  SHEETS ONLY WITH REQUIRED FLASHING  - OFF WHITE COLOR"
"Civil","1 MM THK DECKING SHEET"
"Civil","26 SWG COLOR COATED GALVALUME  FLASHING BRICK RED COLOR"
"Civil","26 SWG COLOR COATED GALVALUME  GUTTER BRICK RED COLOR"
"Civil","26 SWG COLOR COATED GALVALUME  SHEETS BRICK RED COLOR"
"Civil","6"" wide x 1 MTR long RCC half round cost"
"Civil","B-125/1000 MM X 1000 MM DI REGULAR CHMABER COVER"
"Civil","B-125/1200 MM X 1200 MM DI REGULAR CHMABER COVER"
"Civil","B-125/300 MM X 300 MM DI REGULAR CHMABER COVER"
"Civil","B-125/450 MM X 450 MM DI REGULAR CHMABER COVER"
"Civil","B-125/600 MM X 600 MM DI REGULAR CHMABER COVER"
"Civil","B-125/900 MM X 900 MM DI REGULAR CHMABER COVER"
"Civil","B-125/REGULAR/450 MM X 450 MM"
"Civil","B-125/REGULAR/600 MM DIA ROUND CHAMBER COVER"
"Civil","B-125/REGULAR/600 MM X 450 MM"
"Civil","B-125/REGULAR/600 MM X 600 MM"
"Civil","Bricks"
"Civil","BUILT UP, Anchot Bolt, Sag Road and Bracing with SA 2.5  Shot Blisting and Paint"
"Civil","CFB 50-75 KLD-T-FRP MHC 1200MM X 600MM - 2.5 TON FRP MANHOLE COVER WITH FRAME"
"Civil","CFB 50-75 KLD-T-FRP MHC 600MM X 600MM - 2.5 TON FRP MANHOLE COVER WITH FRAME"
"Civil","CHAMBER COVER"
"Civil","Chuna Powder Bags"
"Civil","D-400/1200 MM X 1200 MM DI REGULAR CHMABER COVER"
"Civil","D-400/450 MM X 450 MM DI REGULAR CHMABER COVER"
"Civil","D-400/600 MM X 600 MM DI REGULAR CHMABER COVER"
"Civil","D-400/800 MM X 600 MM DI REGULAR CHMABER COVER"
"Civil","D-400/REGULAR/900 MM X 600 MM"
"Civil","D-400/REGULAR/900 MM X 900 MM"
"Civil","DECK SHEET FLASHINGS"
"Civil","Design, Engineering, Fabrication Supply for  PRE-ENGINEERED CANOPY FOR YOUR  DHARAMPUR SITE. (Paint – Smoke Grey  Color – DTM – 120 DFT), LENGTH - 9.31 M O/O, SPAN - 3 M O/O"
"Civil","FUJI BOX CULVERT : 1000 MM (W) X 600 MM (H)  X 2000 MM (L)"
"Civil","FUJI BOX CULVERT : 2000 MM (W)  X 2000 MM (H)  X 2000 MM (L)"
"Civil","FUJI BOX CULVERT : 500 MM (W) X 500 MM (H)  X 2000 MM (L)"
"Civil","FUJI BOX CULVERT : 600 MM (W) X 600 MM (H)  X 2000 MM (L)"
"Civil","FUJI BOX CULVERT : 800 MM (W) X 800 MM (H)  X 2000 MM (L)"
"Civil","Gabion Box  1x1.5x1"
"Civil","Gabion Box  3x1x1"
"Civil","Gabion Box  4x1x0.5"
"Civil","Gabion Box 4x1.5x1"
"Civil","Gabion Box 4x1x1"
"Civil","Gabion: Zn+PVC//10x12 // Size: 1.5mx1mx0.5m"
"Civil","Gabion: Zn+PVC//10x12 // Size: 1.5mx1mx1m"
"Civil","Gabion: Zn+PVC//10x12 // Size: 2mx1mx1m"
"Civil","Gabion: Zn+PVC//10x12 // Size: 4mx1mx0.5m"
"Civil","Gabion: Zn+PVC//10x12 // Size: 4mx1mx1m"
"Civil","Geocell TCS-712mmx75mm"
"Civil","Lacing Wire"
"Civil","Lacing Wire @ 5% by weight"
"Civil","Lacing Wire: Zn+PVC Coated//(D: 2.2/3.2mm)-5% by weight"
"Civil","Metal Gabion - 2mx1.5mx1m ( 14.5 sqm)"
"Civil","Metal Gabion - 2mx1mx1m (11 sqm)"
"Civil","Metal Gabion - 4mx1mx1m (21 sqm)"
"Civil","METALIC EAVES GUTTER - OFF WHITE  COLOR."
"Civil","Nonwoven Geotextile PR-20"
"Civil","Nonwoven PP Geotextile TYPE-2"
"Civil","PRE ENGINEERED BUILDING"
"Civil","PRE-ENGINEERED LEANTO  STRUCTURE ( OFF WHITE COLOR )"
"Civil","PRE-ENGINEERED TERRACE STRUCTURE (Paint –  Smoke Grey Color – DTM – 120 DFT)"
"Civil","PU SHAPE DRAIN T-6 450 X 450"
"Civil","PU SHAPE DRAIN T-6 750 X 750"
"Civil","PU SHAPE DRAIN T-6 LID 750 X 750 B- SOLID"
"Civil","RA 30 KLD-T-FRP MHC 1200MM X 600MM - 2.5 TON FRP MANHOLE COVER WITH FRAME"
"Civil","RA 30 KLD-T-FRP MHC 600MM X 600MM - 2.5 TON FRP MANHOLE COVER WITH FRAME"
"Civil","RA 30 KLD-T-FRP MHC 750MM X 750MM - 2.5 TON FRP MANHOLE COVER WITH FRAME"
"Civil","RA 30 KLD-T-FRP MHC 900MM X 600MM - 2.5 TON FRP MANHOLE COVER WITH FRAME"
"Civil","RCC CHAMBER COVER WITH FRAME- 300MM X 300MM"
"Civil","Reinforcement Bars TMT Bars 10MM"
"Civil","Reinforcement Bars TMT Bars 12MM"
"Civil","Reinforcement Bars TMT Bars 16MM"
"Civil","Reinforcement Bars TMT Bars 8MM"
"Civil","Road Studs"
"Civil","RS 10-20 KLD-T-FRP MHC 600MM X 600MM - 2.5 TON FRP MANHOLE COVER WITH FRAME"
"Civil","T-FRP MHC 600MM X 600MM - 2.5 TON FRP MANHOLE COVER WITH FRAME"
"Civil","TMT Bars  10MM"
"Civil","TMT Bars  12MM"
"Civil","TMT Bars  16MM"
"Civil","TMT Bars  20MM"
"Civil","TMT Bars  25MM"
"Civil","TMT Bars  8MM"
"Civil","Trunking & Floor Raceways-50X50X5MM MS L ANGLE"
"Civil","White Cement"
"Civil","WHITE SAND"
"Electrical","1 - PHASE SPN  DOUBLE DOOR  DB :  12 WAY SPN DB"
"Electrical","1 - PHASE SPN  DOUBLE DOOR  DB :  16 WAY SPN DB"
"Electrical","1 - PHASE SPN  DOUBLE DOOR  DB :  8 WAY SPN DB"
"Electrical","1 - PHASE SPN DOUBLE DOOR DB :  18 WAY SPN DB"
"Electrical","1 - PHASE SPN DOUBLE DOOR DB : 6 WAY SPN DB"
"Electrical","1 MODULE : 1MODULE COVER PLATE"
"Electrical","1 MODULE COVER PLATE"
"Electrical","1 MODULE S.S METAL BOX"
"Electrical","1 WAY SWITCH : 10AMP 1 WAY SWITCH"
"Electrical","1 WAY SWITCH : 16 AMP 1 WAY SWITCH WITH INDICATOR"
"Electrical","1 WAY SWITCH : 25 AMP 1 WAY SWITCH WITH INDICATOR"
"Electrical","1-PH WHEATHR PROOF INDUSTRIAL POWER SOCKET WITH 16A 2P MCB"
"Electrical","1-PHASE INDUSTRIAL SOCKET WITH MCB"
"Electrical","1-WAY JUNCTION BOX"
"Electrical","1.1/2"" GLAND"
"Electrical","1.1/4"" GLAND"
"Electrical","1.1/8"" GLAND"
"Electrical","1.3/4"" GLAND"
"Electrical","1.5 SQ.MM COPPER FLEXIBLE FRLS WIRES"
"Electrical","1.5 SQ.MM COPPER PIN TYPE LUG"
"Electrical","1.5 sq.mm Ferrule Copper Crimp Pin type Connector – Insulated Cord Pin End Terminal (Black) Pack of 10"
"Electrical","1.5 SQ.MM FRLS COPPER  FLEXIBLE WIRES"
"Electrical","1.5SQ.MM COPPER CRIMP PIN TYPE CONNECTOR INSULATED CORD PIN"
"Electrical","1.5SQ.MM COPPER FLEXIBLE WIRES"
"Electrical","1.5SQ.MM COPPER PIN TYPE LUG"
"Electrical","1.5SQ.MM PIN TYPE LUG"
"Electrical","1.5SQ.MMX10CORE COPPER FLEXIBLE CABLE"
"Electrical","1"" GLAND"
"Electrical","1"" PVC GLAND(25mm)"
"Electrical","1"" Single Compression Gland"
"Electrical","10 AMP BELL PUSH SWITCH"
"Electrical","10 AMP ONE WAY SWITCH"
"Electrical","10 AMP ONE WAY SWITCH-10 AMP ONE WAY SWITCH"
"Electrical","10 AMP SWITCH ONE WAY"
"Electrical","10 KVA UPS"
"Electrical","10 KVA UPS BATTERY"
"Electrical","10 SQ.MM ALUMNIUM PIN TYPE LUG"
"Electrical","10 TO 20 AMP SINGLE PHASE BAKELITE CONNECTOR"
"Electrical","100 AMP MCB WITH ENCLOSURE"
"Electrical","100Amp 4-POLE MCCB"
"Electrical","102 (M) Porta Cabins-UPS Artis Brand 600VA @ 1822:00"
"Electrical","104 (M) Site Prelims Electrical Works-1.5mm 2 CORE WIRE"
"Electrical","104 (M) Site Prelims Electrical Works-MCB SWITCH (SINGLE POLE)"
"Electrical","105 (M) Site Prelims Plumbing Works-MOTOR CABLE 2.5mm 3 CORE"
"Electrical","105 (M) Site Prelims Plumbing Works-MOTOR CABLE 4.0mm 3 CORE"
"Electrical","105 (M) Site Prelims Plumbing Works-PENAL BOARD L&T DMC DOL"
"Electrical","106 (M) Labour Camps-100A ICTP SWITCH"
"Electrical","106 (M) Labour Camps-25MM : PIN TYPE LUGS"
"Electrical","106 (M) Labour Camps-25MM : RING TYPE LUGS"
"Electrical","106 (M) Labour Camps-ALUMINIUM 3.5Cx25SQ.MM CABLE"
"Electrical","106 (M) Labour Camps-ENERGY METER: 3PHASE"
"Electrical","106 (M) Labour Camps-MCB : 63A 4POLE"
"Electrical","109 (M) Utility Disconnection & Utility Relocation-Cable 4 Core 2.5mm"
"Electrical","109 (M) Utility Disconnection & Utility Relocation-Starter Dol(Relay Range 2.5 to 7A"
"Electrical","10A TWO SWITCH"
"Electrical","10Amp 2-WAY SWITCH"
"Electrical","10AMP ONE WAY SWITCH"
"Electrical","10AMP SP MCB"
"Electrical","10Amp SP MCB C'CURVE"
"Electrical","10Amp SWITCH ONE WAY"
"Electrical","10SQ.MM COPPER PIN TYPE LUG"
"Electrical","11 kb Bidirectional meter, MAKE-SECURE"
"Electrical","11 KV INDOOR TYPE HT CABLE TERMINATION KIT"
"Electrical","11 KV OUTDOOR TYPE HT CABLE TERMINATION KIT"
"Electrical","11KV HTMC PANEL :- OUTDOOR TYPE"
"Electrical","11KV INSULATIONG HT RUBBER MAT"
"Electrical","12 MODULE : 12MODULE COVER PLATE"
"Electrical","12-WAY ETPN DB PPI KIT"
"Electrical","12-WAY SPN DB"
"Electrical","120 SQ.MM ALUMINIUM RING TYPE LUG"
"Electrical","120SQ.MM AL RING TYPE LUG"
"Electrical","120SQ.MM ALUMNIUNM RING TYPE LUG"
"Electrical","13 AMP INTERNATIONAL SOCKET"
"Electrical","13 AMP UNIVERSAL SOCKET"
"Electrical","13AMP UNIVERSAL SOCKET 3PIN"
"Electrical","150 SQ.MM ALUMINIUM RING TYPE LUG"
"Electrical","150SQ.MM AL RING TYPE LUG"
"Electrical","16 AMP ONE WAY SWITCH WITH INDICATOR"
"Electrical","16 MODULE : 16MODULE COVER PLATE"
"Electrical","16 MODULE COVER PLATE"
"Electrical","16 SQ.MM ALUMINIUM PIN TYPE LUG"
"Electrical","16 SQ.MM ALUMINIUM RING TYPE LUG"
"Electrical","16 SQ.MM ALUMINUIM CABLE PIN TYPE LUG."
"Electrical","16 SQ.MM ALUMINUIM CABLE RING TYPE LUG."
"Electrical","16A ONE WAY SWITCH WITH INDICATOR"
"Electrical","16A, 1ɸ, 3 PIN, IP 65 INDUSTRIAL SOCKETS OUTLET."
"Electrical","16A, 240V, 1Ph, 3Pin Industrial Switch Socket Outlet"
"Electrical","16A, 415V, 3PH, 5Pin Industrial Switch Socket Outlet"
"Electrical","16AMP SP MCB"
"Electrical","16Amp SP MCB C'CURVE"
"Electrical","16AMP SWITCH ONE WAY WITH INDICATOR"
"Electrical","16Amp TPN MCB C'CURVE"
"Electrical","16MM ALUMINIUM PIN LUG."
"Electrical","16MM ALUMINIUM RING LUG."
"Electrical","16SQ.MM AL RING TYPE LUG"
"Electrical","16SQ.MM ALUMNIUM RING TYPE LUG"
"Electrical","185 SQ.MM ALUMINUIM CABLE RING TYPE LUG."
"Electrical","185SQ.MM AL RING TYPE LUG"
"Electrical","185SQ.MM ALUMINIUM RING TYPE LUG"
"Electrical","1C X 16 SQ.MM COPPER FLEXIBLE CABLE"
"Electrical","1C X 50 SQ.MM COPPER CABLE"
"Electrical","1C X 70 SQ.MM COPPER CABLE"
"Electrical","1F-LTG-HVAC-MED&RAW POWER PANEL"
"Electrical","1WAY SWITCH WITH INDICATOR-16AMP"
"Electrical","1WAY SWITCH WITH INDICATOR-25AMP"
"Electrical","1WAY SWITCH- 6AMP"
"Electrical","2 MODULE : 2MODULE COVER PLATE"
"Electrical","2 MODULE COVER  PLATE"
"Electrical","2 MODULE S.S METAL BOX"
"Electrical","2 MODULE SURFACE BOX"
"Electrical","2 MODULE TYPE : 25 AMP AC STARTER"
"Electrical","2 MOUDLE COVER PLATE"
"Electrical","2 POLE RCBO : 25 AMP - 30mA"
"Electrical","2 POLE RCBO : 32 AMP - 30mA"
"Electrical","2 POLE RCCB : 25 AMP - 100 mA"
"Electrical","2 POLE RCCB : 40 AMP - 100 mA"
"Electrical","2 POLE RCCB : 63 AMP - 100 mA"
"Electrical","2 POLE RCCB : 63 AMP - 100mA 'C' CURVE"
"Electrical","2 WAY SWITCH : 10 AMP TWO WAY SWITCH"
"Electrical","2-way junction box-black"
"Electrical","2-way junction box-white"
"Electrical","2-WAY JUNCTION BOX."
"Electrical","2.1/5"" GLAND"
"Electrical","2.5 SQ.MM COPPER FLEXIBLE FRLS WIRES"
"Electrical","2.5 SQ.MM COPPER PIN TYPE LUG"
"Electrical","2.5 sq.mm Ferrule Copper Crimp Connector – Insulated Cord Pin End Terminal (Black) Pack of 10"
"Electrical","2.5 SQ.MM FRLS COPPER FLEXIBLE WIRES"
"Electrical","2.5SQ.MM COPPER  PIN TYPE LUG"
"Electrical","2.5SQ.MM COPPER CRIMP PIN TYPE CONNECTOR INSULATED CORD PIN"
"Electrical","2.5SQ.MM COPPER FLEXIBLE WIRES"
"Electrical","2"" GLAND"
"Electrical","200 KVA UPS"
"Electrical","200 KVA UPS BATTERY"
"Electrical","200 KVA UPS DC BREAKER"
"Electrical","20AMP ONE WAY SWITCH WITH INDICATOR"
"Electrical","20AMP POWER SOCKET"
"Electrical","20AMP SP MCB"
"Electrical","240SQ.MM AL RING TYPE LUG"
"Electrical","25 Amp ELCB (300mA) With Its Enclosures"
"Electrical","250 AMP ALUMINUM BUSBAR"
"Electrical","250 AMP SFU SWITCH"
"Electrical","250 KVA SILENT DG SET"
"Electrical","25A 240V MCB WITH ENCLOSURE BOX"
"Electrical","25A ONE WAY  SWITCH WITH INDICATOR"
"Electrical","25A POWER SOCKET"
"Electrical","25A/4P/30mA/RCCB WITH ENCL."
"Electrical","25AMP 2POLE 10kA MCB WITH ENCLOUSER"
"Electrical","25Amp SP MCB C'CURVE"
"Electrical","25AMP,2P RCCB 30mA"
"Electrical","25AMP,2P RCCB 30mA WITH ENLC"
"Electrical","25MM : PVC CONDUITE MMS TYPE"
"Electrical","25MM 1-WAY JUCTION BOX"
"Electrical","25MM 2-WAY JUCTION BOX"
"Electrical","25MM 3-WAY JUCTION BOX"
"Electrical","25MM 4-WAY JUCTION BOX"
"Electrical","25MM ALUMINIUM PIN LUG."
"Electrical","25mm bend black"
"Electrical","25mm bend white"
"Electrical","25mm conduite black"
"Electrical","25mm conduite white"
"Electrical","25MM CONDUITS MMS TYPE-BLACK"
"Electrical","25mm coupler"
"Electrical","25mm coupler white"
"Electrical","25mm JUNCTION BOX COVER PLATER WITH SCREW-BLACK"
"Electrical","25mm JUNCTION BOX COVER PLATER WITH SCREW-WHITE"
"Electrical","25MM PVC ELBOW"
"Electrical","25SQ.MM AL RING TYPE LUG"
"Electrical","25SQ.MM ALUMNIUM RING TYPE LUG"
"Electrical","2C X 1.5 SQ.MM SHILDED COPPER CONTROL CABLE"
"Electrical","2M COVER PLATE WITH BOX"
"Electrical","2MODULE FAN REGULATORS"
"Electrical","3 - PHASE PPI TYPE  DOUBLE DOOR  DB :  12 WAY ETPN WITH PPI KIT"
"Electrical","3 - PHASE PPI TYPE  DOUBLE DOOR  DB :  16 WAY ETPN WITH PPI KIT"
"Electrical","3 - PHASE PPI TYPE  DOUBLE DOOR  DB :  4 WAY ETPN WITH PPI KIT"
"Electrical","3 - PHASE PPI TYPE  DOUBLE DOOR  DB :  6 WAY ETPN WITH PPI KIT"
"Electrical","3 - PHASE PPI TYPE  DOUBLE DOOR  DB :  8 WAY ETPN WITH PPI KIT"
"Electrical","3 - PHASE VTPN DOUBLE DOOR DB :  12 WAY VTPN DB"
"Electrical","3 - PHASE VTPN DOUBLE DOOR DB :  6 WAY VTPN DB"
"Electrical","3 - PHASE VTPN DOUBLE DOOR DB :  8 WAY VTPN DB"
"Electrical","3 MODULE : 3MODULE COVER PLATE"
"Electrical","3 MODULE COVER PLATE"
"Electrical","3 MODULE S.S METAL BOX"
"Electrical","3 MOUDLE COVER PLATE"
"Electrical","3 POLE TP MCBs : 16 AMP 'C' CURVE"
"Electrical","3 POLE TP MCBs : 32 AMP 'C' CURVE"
"Electrical","3-PHASE DOUBLE DOOR TYPE :  8-WAY ETPN DB WITH KIT"
"Electrical","3-PHASE DOUBLE DOOR TYPE : 12-WAY ETPN DB WITH KIT"
"Electrical","3-PHASE DOUBLE DOOR TYPE : 6-WAY VTPN DB"
"Electrical","3-PHASE DOUBLE DOOR TYPE : 8-WAY VTPN DB"
"Electrical","3-PHASE INDUSTRIAL SOCKET WITH MCB"
"Electrical","3-way junction box-black"
"Electrical","3-way junction box-white"
"Electrical","3-WAY JUNCTION BOX."
"Electrical","3.5 X 120SQ.MM ALUMINIUM XLPE ARMOURED CABLE"
"Electrical","3.5C X 150 SQ.MM XLPE AL. ARMOURE FRLS  CABLE"
"Electrical","3.5C X 185 SQ.MM XLPE ALLUMINIUM ARMOURED CABLE GLAND"
"Electrical","3.5C X 240 SQ.MM XLPE AL. ARMOURE FRLS  CABLE"
"Electrical","3.5C X 25SQ.MM ALUMINIUM XLPE ARMOURED CABLE"
"Electrical","3.5C X 35SQ.MM ALUMNIUM XLPE ARMURED CABLE"
"Electrical","3.5C X 50SQ.MM ALUMINIUM XLPE ARMOURED CABLE"
"Electrical","3.5C X185 SQ.MM ALUMINIUM ARMOURED XLPE CABLE"
"Electrical","3/4 MCB BOX IP60"
"Electrical","3/4"" Single Compression Gland"
"Electrical","30 KVA UPS"
"Electrical","30 KVA UPS BATTERY"
"Electrical","32 Amp ELCB (300mA) With Its Enclosures"
"Electrical","32 Amp FP MCB,10kA"
"Electrical","32 AMP THREE PHASE MCB WITH WEATHER PROOF PLEXO BOX"
"Electrical","320 AMP ISOLATER PANEL"
"Electrical","32A - 3PHASE WHEATHER PROOF INDUSTRIAL POWER SOCKET WITH MCB"
"Electrical","32A, 3ɸ, 5 PIN, IP 65 INDUSTRIAL SOCKETS OUTLET."
"Electrical","32A/4P/10KA/MCB  WITH ENCL.(NR.UPS)"
"Electrical","32A/4P/30mA/RCCB WITH ENCL."
"Electrical","32AMP ONE WAY SWITCH WITH INDICATOR"
"Electrical","32AMP POWER SOCKET"
"Electrical","32Amp POWER SWITCH WITH INDICATOR"
"Electrical","32AMP TP MCB…."
"Electrical","32mm pvc gland"
"Electrical","35 SQ.MM ALUMINIUM RING TYPE LUG"
"Electrical","35MM ALUMINIUM PIN LUG."
"Electrical","35MM ALUMINIUM RING LUG."
"Electrical","35SQ.MM AL RING TYPE LUG"
"Electrical","35SQ.MM ALUMNIUM RING TYPE LUG"
"Electrical","38MM CABLE GLAND."
"Electrical","3C X 1.5 SQ.MM COPPER FLEXIBLE  FRLS CABLE"
"Electrical","3C X 2.5 SQ.MM COPPER FLEXIBLE  FRLS CABLE"
"Electrical","3C X 4 SQ.MM COPPER  FLEXIBAL Cable FRLS CABLE"
"Electrical","3C X 4SQ.MM FLEXIBLE FRLS CABLE"
"Electrical","4 MODULE : 4MODULE COVER PLATE"
"Electrical","4 MODULE COVER PLATE"
"Electrical","4 MODULE S.S METAL BOX"
"Electrical","4 MODULE SURFACE BOX"
"Electrical","4 MOUDLE COVER PLATE"
"Electrical","4 POLE DP RCBO : 32 AMP - 100mA"
"Electrical","4 POLE DP RCBO : 40 AMP - 100mA"
"Electrical","4 POLE DP RCBO : 63 AMP - 100mA"
"Electrical","4 POLE MCB : 25 AMP - 10 kA"
"Electrical","4 POLE MCB : 32 AMP - 10 kA"
"Electrical","4 POLE MCB : 40 AMP - 10 kA"
"Electrical","4 POLE MCB : 63 AMP - 10 kA"
"Electrical","4 SQ.MM COPPER PIN TYPE LUG"
"Electrical","4-POLE SPD"
"Electrical","4-POLE SPD TYPE-2"
"Electrical","4-way junction box-black"
"Electrical","4-way junction box-white"
"Electrical","4-WAY JUNCTON BOX."
"Electrical","4.0 SQ.MM COPPER FLEXIBLE FRLS WIRES"
"Electrical","4.0 sq.mm Ferrule Copper Crimp Connector – Insulated Cord Pin End Terminal (Black) Pack of 10"
"Electrical","4.0SQ.MM COPPER PIN TYPE LUG"
"Electrical","4"" x 4"" Or 6""x 6"" Size PVC junction Box"
"Electrical","40 Amp ELCB (300mA) With Its Enclosures"
"Electrical","40 Amp FP MCB,10kA"
"Electrical","40 MM PVC FLEXIBLE PIPE (ICT)"
"Electrical","40A/4P/300mA/RCCB WITH ENCL."
"Electrical","40amp 2 POLE RCCB 30mA"
"Electrical","40amp 4POLE MCB C'CURVE"
"Electrical","40AMP TP MCB"
"Electrical","40AMP,4P RCCB 300mA"
"Electrical","40AMP,4P RCCB 300mA WITH ENLC"
"Electrical","40MM 2-WAY JUCTION BOX"
"Electrical","40mm 2way junction box"
"Electrical","40MM 3-WAY JUCTION BOX"
"Electrical","40mm 3way junction box"
"Electrical","40MM 4-WAY JUCTION BOX"
"Electrical","40mm 4way junction box"
"Electrical","40mm bend"
"Electrical","40mm coupler"
"Electrical","40mm JUNCTION BOX COVER PLATE"
"Electrical","4C X 1.5 SQ.MM COPPER AMROURED CABLE"
"Electrical","4C X 10SQ.MM ALUMINIUM XLPE ARMOURED CABLE"
"Electrical","4C X 25 SQ.MM XLPE ALUMNINIUM ARMOURED FRLS  CABLE"
"Electrical","4C X 4 SQ.MM ALUMINUM ARMMOURED XLPE  CABLE"
"Electrical","4c x 4 Sq.mm Aluminum Armoured XLPE cable."
"Electrical","4c x 4sq.mm aluminiam armoured frls cable"
"Electrical","4C X 4SQ.MM COPPER  ARMOURED CABLE"
"Electrical","4c x 6 copper Armoured CABLE FRLS"
"Electrical","4Cx1.5sqmm COPPER FRLS XLPE ARMOURED CABLE"
"Electrical","4Cx2.5SQ.MM COPPER  XLPE ARMOURED CABLE"
"Electrical","4Cx2.5SQ.MM COPPER FLEXIBLE CABLES"
"Electrical","4Cx4SQ.MM COPPER ARMOURED CABLES SINGLE COMPRESURE GLAND"
"Electrical","4M COVER PLATE WITH BOX"
"Electrical","4MM 3 CORE COPPER SUB.CABLE ISI"
"Electrical","4MM COPER PIN LUG."
"Electrical","4SQ.MM ALUMINIUM BIG HOL RING TYPE LUG"
"Electrical","4sq.mm cable double compressor gland"
"Electrical","4SQ.MM COPPER CRIMP PIN TYPE CONNECTOR INSULATED CORD PIN"
"Electrical","4SQ.MM COPPER PIN TYPE LUG"
"Electrical","4SQ.MM CU PIN TYPE LUG"
"Electrical","4SQ.MM X 3C CABLE GLAND"
"Electrical","4SQ.MM X 4C CABLE GLAND"
"Electrical","5 HP 3 -PHASE DOL STARTER"
"Electrical","5/8"" GLAND"
"Electrical","50  SQ.MM COPPER RING TYPE LUG"
"Electrical","50MM ALUMINIUM RING LUG."
"Electrical","50SQ.MM ALUMNIUM RING TYPE LUG"
"Electrical","6 A TWO WAY SWITCH"
"Electrical","6 MODULE  COVER PLATE"
"Electrical","6 MODULE : 6MODULE COVER PLATE"
"Electrical","6 MODULE S.S METAL BOX"
"Electrical","6 MOUDLE COVER PLATE"
"Electrical","6 SQ.MM COPPER PIN TYPE LUG"
"Electrical","6 WAY VTPN DB-LEGRAND…."
"Electrical","6-WAY ETPN DB WITH PPI KIT"
"Electrical","6.0 sq.mm copper frls wire"
"Electrical","6/16 AMP POWER SOCKET"
"Electrical","6/16 AMP UNIVERSAL SOCKET"
"Electrical","6/16A POWER SOCKET"
"Electrical","6/16Amp POWER SOCKET"
"Electrical","6/16Amp SWITCH WITH INDICATOR"
"Electrical","63 AMP FP MCB  WITH ENCLOUSER LEGRAND"
"Electrical","63 Amp FP MCB,10kA"
"Electrical","63AMP 2POLE ELCB"
"Electrical","63AMP 4POLE MCB"
"Electrical","63AMP FP MCB INCOMER…."
"Electrical","6amp power socket"
"Electrical","6M COVER PLATE WITH BOX"
"Electrical","6SQ.MM COPPER PIN TYPE LUG"
"Electrical","7.5 HP 3 -PHASE DOL STARTER"
"Electrical","7/8"" GLAND"
"Electrical","70  SQ.MM COPPER RING TYPE LUG"
"Electrical","70 SQ.MM ALUMINIUM RING TYPE LUG"
"Electrical","70SQ.MM AL RING TYPE LUG"
"Electrical","70SQ.MM ALUMNIUM RING TYPE LUG"
"Electrical","750 KVA SILENT DG SET"
"Electrical","75SQ.MM AL RING TYPE LUG"
"Electrical","8 MODULE : 8MODULE COVER PLATE"
"Electrical","8 MODULE COVER PLATE"
"Electrical","8 MODULE S.S METAL BOX"
"Electrical","8 MOUDLE COVER PLATE (HORIZONTAL)"
"Electrical","8 SWG COPPER  ERATHING CONDUCTOR"
"Electrical","8 SWG COPPER CONDUCTOR"
"Electrical","8 SWG COPPER GUAGE TAR"
"Electrical","8-WAY ETPN DB"
"Electrical","8-WAY ETPN DB PPI KIT"
"Electrical","8-WAY ETPN DBS PPI KIT"
"Electrical","8-WAY ETPN PPI KIT"
"Electrical","8-WAY SPN DB"
"Electrical","95  SQ.MM ALUMINUIM CABLE RING TYPE LUG."
"Electrical","95MM ALUMINIUM RING LUG."
"Electrical","95SQ.MM AL RING TYPE LUG"
"Electrical","ANTI CORROSIVE COMPOUND PASTE FOR ELECTRICAL LUG CRIMPING"
"Electrical","APFCR PANEL -01"
"Electrical","Armoured Cable 185 sqmm 3.5c"
"Electrical","BLANKS"
"Electrical","BOX"
"Electrical","Cable Gland - 4C x 16 Sqmm"
"Electrical","CABLE TIE"
"Electrical","CABLE TIE - 250MM X 3.6MM"
"Electrical","Cable Ties"
"Electrical","COMMON FACILITY BLOCK LT PANEL"
"Electrical","CONDUITS - 25MM"
"Electrical","COPPER CABLE - 12C X 1.0 SQMM FLEXIBLE CABLE"
"Electrical","COPPER CABLE - 1C X 185 SQMM FLEXIBLE CABLE"
"Electrical","COPPER CABLE - 3C X 1.5 SQMM FLEXIBLE CABLE"
"Electrical","COPPER CABLE - 3C X 2.5 SQMM FLEXIBLE CABLE"
"Electrical","COPPER FLEXIBLE FRLS TYPE : 1.5 SQ.MM BLACK"
"Electrical","COPPER FLEXIBLE FRLS TYPE : 1.5 SQ.MM GREEN"
"Electrical","COPPER FLEXIBLE FRLS TYPE : 1.5 SQ.MM RED"
"Electrical","COPPER FLEXIBLE FRLS TYPE : 1.5 SQ.MM YELLOW"
"Electrical","COPPER FLEXIBLE FRLS TYPE : 2.5 SQ.MM BLACK"
"Electrical","COPPER FLEXIBLE FRLS TYPE : 2.5 SQ.MM GREEN"
"Electrical","COPPER FLEXIBLE FRLS TYPE : 2.5 SQ.MM RED"
"Electrical","COPPER FLEXIBLE FRLS TYPE : 2.5 SQ.MM YELLOW"
"Electrical","Cover Plate Conceald 1 Module"
"Electrical","Cover Plate Conceald 12 Module"
"Electrical","Cover Plate Conceald 4 Module"
"Electrical","Cover Plate Conceald 6 Module"
"Electrical","Cover Plate Conceald 8 Module"
"Electrical","CSS : 1600 KVA DRY TYPE CSS"
"Electrical","CT : 800/5 Amp,MAKE-Secure"
"Electrical","DG SYNCRONIZATION PANEL"
"Electrical","DOUBLE DOOR TYPE  LDB-01 - 6-WAY VTPN DBS"
"Electrical","DOUBLE DOOR TYPE :- FLEXI DB 4ROW x 14WAY/MODULE"
"Electrical","DOUBLE DOOR TYPE PDB-01 - 8-WAY VTPN DBS"
"Electrical","DOUBLE DOOR TYPE PDB-02 - 8-WAY ETPN DBS WITH PPI KITS"
"Electrical","DOUBLE DOOR TYPE TYPE LPDB-04  6-WAY ETPN DB WITH PPI KIT"
"Electrical","DP RCCB :- 25AMP,100mA"
"Electrical","DP RCCB :- 40AMP,100mA"
"Electrical","DP RCCB :- 80AMP,100mA"
"Electrical","Dummy Plate"
"Electrical","DUMMY SWITCH - 1 MODULE"
"Electrical","DUMMY/ BLANK"
"Electrical","Fan Regulator"
"Electrical","FAN REGULATOR 2MODULE TYPE"
"Electrical","Fan Road"
"Electrical","FERRULE"
"Electrical","FF 02- RAW POWER PROCESS DB PANEL"
"Electrical","FIRE EMERGANCY PANEL"
"Electrical","Flange Type Gland 185mm"
"Electrical","FLEXIBLE GLAND"
"Electrical","FP MCB : 32AMP"
"Electrical","FP MCB INCOMER :- 25AMP"
"Electrical","FP MCB INCOMER :- 40AMP"
"Electrical","FP MCB INCOMER :- 63AMP"
"Electrical","FP MCB INCOMER :- 80AMP"
"Electrical","G.I. TRUNKING WITH COVER,  SIZE : 100 MM (W) X 50 MM (H) X 2 mm Thk"
"Electrical","G.I. TRUNKING WITH COVER,  SIZE : 150 MM (W) X 50 MM (H) X 2 mm Thk"
"Electrical","G.I. TRUNKING WITH COVER,  SIZE : 200 MM (W) X 50 MM (H) X 2 mm Thk"
"Electrical","G.I. TRUNKING WITH COVER,  SIZE : 300 MM (W) X 50 MM (H) X 2 mm Thk"
"Electrical","G.I. TRUNKING WITH COVER,  SIZE : 75 MM (W) X 50 MM (H) X 2 mm Thk"
"Electrical","Gang Box"
"Electrical","GANGBOX"
"Electrical","GF 01-RAW POWER PROCESS DB PANEL"
"Electrical","GF-LTG-HVAC-MED&RAW POWER PANEL"
"Electrical","GLAND 3/4"""
"Electrical","HT CABLE - 3C X 185 SQ.MM XLPE ALUMNINIUM ARMOURE FRLS HT CABLE"
"Electrical","HVAC DB - 101"
"Electrical","HVAC MAIN MCC PANEL"
"Electrical","HVAC MCC-01"
"Electrical","HVAC MCC-02"
"Electrical","ICOG PANEL :- OUTDOOR TYPE"
"Electrical","Insulation Tape"
"Electrical","INSULATION-WIRE TAP"
"Electrical","IP65 WEATHERPROOF BOX WITH 6/16AMP SWITCH & SOCKETS - 3M"
"Electrical","IP65 WEATHERPROOF BOX WITH 6AMP SWITCH & SOCKETS - 3M"
"Electrical","ISOLATOR"
"Electrical","JAINEX 16AMP 3PIN  TOP"
"Electrical","JAINEX 6AMP 3PIN  TOP"
"Electrical","JUNCTION BOX"
"Electrical","KHAKHRA MCC PANEL-01"
"Electrical","KHAKHRA MCC PANEL-02"
"Electrical","KITCHEN VENTILATION PANEL"
"Electrical","L&T 32AMP FP MCB"
"Electrical","LEGRAND MAKE 16A - 1-PHASE WHEATHER PROOF INDUSTRIAL POWER SOCKET WITH MCB - 16A 3PIN PLUG SOCKET WITH MS POWDER COATED BOX WITH 16AMP 2POLE MCB"
"Electrical","LEGRAND MAKE 32A - 3-PHASE WHEATHER PROOF INDUSTRIAL POWER SOCKET WITH MCB - 32A 5PIN PLUG SOCKET WITH MS POWDER COATED BOX WITH 32AMP 4POLE MCB"
"Electrical","Light Fans etc-1200MM CEILING FAN"
"Electrical","Light Fans etc-3' CEILLING FAN ROD-WHITE"
"Electrical","Light Fans etc-3' LONG FAN ROD WHITE"
"Electrical","Light Fans etc-4' LONG FAN ROD WHITE"
"Electrical","Light Fans etc-5' LONG FAN ROD WHITE"
"Electrical","Light Fans etc-600MM CEILING FAN"
"Electrical","Light Fans etc-80W,240V,50Hz,CEILLING FAN"
"Electrical","Light Fans etc-900MM CEILING FAN"
"Electrical","Light Fans etc-BOX TYPE FAN- 600X600 CONCEALED FAN"
"Electrical","Light Fans etc-CEILING FAN 1200mmDIA 80W"
"Electrical","Light Fans etc-Ceiling Fan Rod-18"" Long"
"Electrical","Light Fans etc-CEILLING FAN"
"Electrical","Light Fans etc-CEILLING FAN 1200mmDIA 80W"
"Electrical","Light Fans etc-ceilling fan 24"""
"Electrical","Light Fans etc-CONCEALED  FAN (CF) 3'X 3'"
"Electrical","Light Fans etc-CONCEALED  FAN (CF)1'X1'"
"Electrical","Light Fans etc-CONCEALED  FAN (CF)2'X2'"
"Electrical","Light Fans etc-Fan Ceiling"
"Electrical","Light Fans etc-Fan Hook (Need With 2 holes) with 2 nos GI Anchor  Fastner"
"Electrical","Light Fans etc-Fan Recessed (FA)"
"Electrical","Light Fans etc-fan rod 1500mm long white(5')"
"Electrical","Light Fans etc-Fan Wall."
"Electrical","Light Fans etc-HANGING WALL FAN"
"Electrical","LT CABLE - 3.5 C X 120 SQ.MM XLPE ALUMINIUM  ARMOURE FRLS  CABLE"
"Electrical","LT CABLE - 3.5C X 120 SQ.MM A2XFY ALUMINIUM  ARMOURED CABLE"
"Electrical","LT CABLE - 3.5C X 150 SQ.MM A2XFY ALUMINIUM  ARMOURED CABLE"
"Electrical","LT CABLE - 3.5C X 150 SQ.MM XLPE ALUMINIUM  ARMOURE FRLS  CABLE"
"Electrical","LT CABLE - 3.5C X 185 SQ.MM A2XFY ALUMINIUM  ARMOURED CABLE"
"Electrical","LT CABLE - 3.5C X 240 SQ.MM XLPE ALUMINIUM ARMOURE FRLS  CABLE"
"Electrical","LT CABLE - 3.5C X 25 SQ.MM XLPE ALUMNINIUM ARMOURE FRLS  CABLE"
"Electrical","LT CABLE - 3.5C X 35 SQ.MM A2XFY ALUMINIUM  ARMOURED CABLE"
"Electrical","LT CABLE - 3.5C X 35 SQ.MM XLPE ALUMINIUM  ARMOURE FRLS  CABLE"
"Electrical","LT CABLE - 3.5C X 50 SQ.MM A2XFY ALUMINIUM  ARMOURED CABLE"
"Electrical","LT CABLE - 3.5C X 70 SQ.MM XLPE ALUMINIUM  ARMOURE FRLS  CABLE"
"Electrical","LT CABLE - 3.5C X 95 SQ.MM A2XFY ALUMINIUM  ARMOURED CABLE"
"Electrical","LT CABLE - 3C X 1.5SQ.MM COPPER FLEXIBLE  FRLS CABLE"
"Electrical","LT CABLE - 3C X 10 SQ.MM A2XFY ALUMINIUM  ARMOURED CABLE"
"Electrical","LT CABLE - 3C X 16 SQ.MM XLPE COPPER ARMOURE CABLE"
"Electrical","LT CABLE - 3C X 2.5 SQ.MM  XLPE COPPER ARMOURE FRLS  CABLE"
"Electrical","LT CABLE - 3C X 2.5 SQ.MM 2XWY COPPER ARMOURED CABLE"
"Electrical","LT CABLE - 3C X 2.5SQ.MM COPPER FLEXIBLE  FRLS CABLE"
"Electrical","LT CABLE - 3C X 4 SQ.MM  XLPE COPPER ARMOURE FRLS  CABLE"
"Electrical","LT CABLE - 3C X 4 SQ.MM 2XWY COPPER ARMOURED CABLE"
"Electrical","LT CABLE - 3C X 6 SQ.MM  XLPE COPPER ARMOURE FRLS  CABLE"
"Electrical","LT CABLE - 3C X 6 SQ.MM 2XWY COPPER ARMOURED CABLE"
"Electrical","LT CABLE - 4C X 10 SQ.MM 2XFY COPPER ARMOURED CABLE"
"Electrical","LT CABLE - 4C X 10 SQ.MM A2XFY ALUMINIUM  ARMOURED CABLE"
"Electrical","LT CABLE - 4C X 10 SQ.MM COPPER XLPE ARMOURED CABLE"
"Electrical","LT CABLE - 4C X 10 SQ.MM XLPE ALUMNINIUM  ARMOURE FRLS  CABLE"
"Electrical","LT CABLE - 4C X 16 SQ.MM 2XFY COPPER  ARMOURED CABLE"
"Electrical","LT CABLE - 4C X 16 SQ.MM A2XFY ALUMINIUM  ARMOURED CABLE"
"Electrical","LT CABLE - 4C X 16 SQ.MM XLPE COPPER ARMOURE FRLS CABLE"
"Electrical","LT CABLE - 4C X 2.5 SQ.MM 2XWY COPPER ARMOURED CABLE"
"Electrical","LT CABLE - 4C X 25 SQ.MM A2XFY ALUMINIUM  ARMOURED CABLE"
"Electrical","LT CABLE - 4C X 4 SQ.MM 2XWY COPPER ARMOURED CABLE"
"Electrical","LT CABLE - 4C X 4 SQ.MM XLPE ALUMNINIUM ARMOURE FRLS  CABLE"
"Electrical","LT CABLE - 4C X 4 SQ.MM XLPE COPPER ARMOURE FRLS CABLE"
"Electrical","LT CABLE - 4C X 6 SQ.MM  2XWY COPPER ARMOURED CABLE"
"Electrical","LT CABLE - 4C X 6 SQ.MM COPPER XLPE ARMOURED CABLE"
"Electrical","LT CABLE - 4C X 6 SQ.MM XLPE COPPER ARMOURE FRLS  CABLE"
"Electrical","LT CABLE - 4CX1.5 SQMM XLPE. COPPER ARMOURE FRLS CABLE"
"Electrical","LT CABLE - 4CX2.5 SQMM XLPE. COPPER ARMOURE FRLS CABLE"
"Electrical","LT Tri Vector Meter,MAKE- SECURE"
"Electrical","LUG PASTE"
"Electrical","Lugs Aluminium 150mm"
"Electrical","Lugs Aluminium 185mm"
"Electrical","MAIN HT BREAKER PANEL :- INDOOR TYPE"
"Electrical","MAIN LT PANEL"
"Electrical","MAIN PCC PANEL -01"
"Electrical","Mainswitch 400amp tpn C&S"
"Electrical","MCB ENCLOSURE - 4 POLE MCB ENCLOSURE WITH 160AMP MCCB"
"Electrical","MCB ENCLOSURE - 4 POLE MCB ENCLOSURE WITH 200AMP MCCB"
"Electrical","MCB ENCLOSURE - 4 POLE MCB ENCLOSURE WITH 32AMP MCB"
"Electrical","MCB ENCLOSURE - 4 POLE MCB ENCLOSURE WITH 32AMP MCB FOR 4C X 16SQMM AL. AR. CABLE TERMINATION ARRANGMENT"
"Electrical","MCB ENCLOSURE - 4 POLE MCB ENCLOSURE WITH 40AMP MCB"
"Electrical","MCB ENCLOSURE - 4 POLE MCB ENCLOSURE WITH 63AMP MCB"
"Electrical","MCB+ELCB - 25AMP 4POLE WITH WEATHERPROOF (PLEXO BOX) IP 67"
"Electrical","MCB+ELCB - 40AMP 4POLE WITH WEATHERPROOF (PLEXO BOX) IP 67"
"Electrical","MCB+ELCB - 63AMP 4POLE WITH WEATHERPROOF (PLEXO BOX) IP 67"
"Electrical","MEDICAL EQUIPMENT PANEL"
"Electrical","METAL BOX - 1 M"
"Electrical","METAL BOX - 12 M"
"Electrical","Metal Box - 12 Module"
"Electrical","Metal Box - 14/16 Module"
"Electrical","METAL BOX - 16 M SQUARE SIZE"
"Electrical","METAL BOX - 2 M"
"Electrical","Metal Box - 2 Module"
"Electrical","METAL BOX - 3 M"
"Electrical","Metal Box - 3 Module"
"Electrical","METAL BOX - 4 M"
"Electrical","Metal Box - 4 Module"
"Electrical","METAL BOX - 6 M"
"Electrical","Metal Box - 6 Module"
"Electrical","METAL BOX - 8 M"
"Electrical","METAL BOX - 8 M HORIZONTAL"
"Electrical","Metal Box - 8 Module"
"Electrical","METAL BOX : 12 MODULE M.S BOX"
"Electrical","METAL BOX : 16 MODULE M.S BOX"
"Electrical","METAL BOX : 6 MODULE M.S BOX"
"Electrical","MK- 1 FASD 14 AMP DOL STARTERS"
"Electrical","MLDB-02"
"Electrical","MLDB-03 PANEL (MAIN LIGHTING PANEL)"
"Electrical","MPDB -02"
"Electrical","MPDB-03 PANEL (MAIN POWER PANEL)"
"Electrical","MUPS DB PANEL -03"
"Electrical","ONE WAY SWITCH - 10/13AMP"
"Electrical","ONE WAY SWITCH - 16AMP WITH INDICATOR"
"Electrical","ONE WAY SWITCH - 25AMP WITH INDICATOR"
"Electrical","OT VTPN DB"
"Electrical","PDB- T01 WALL MOUNTED"
"Electrical","PERFORATED CABLE TRAY WITH COVER : 200 MM (W)  X 50 MM (H) X 2 MM (THICK)"
"Electrical","PERFORATED CABLE TRAY WITH COVER, SIZE : 150 MM (W)  X 50 MM (H)  X 2 MM (THICK)"
"Electrical","Pin Type Aluminium lug - 16 sqmm"
"Electrical","Pin Type Copper Lug - 1.5"
"Electrical","Pin Type Copper Lug - 2.5 sqmm"
"Electrical","Pipe - PVC"
"Electrical","POLYCAB CABLE"
"Electrical","Power Socket - 13 Amp"
"Electrical","Power Socket - 6/16 Amp"
"Electrical","POWER SOCKET : 25 AMP POWER SOCKET"
"Electrical","POWER SOCKET : 6/16AMP POWER SOCKET"
"Electrical","POWER SOCKET-25AMP"
"Electrical","POWER SOCKET-6/16AMP"
"Electrical","Power Supply Board"
"Electrical","Pressure Transmitter switch."
"Electrical","PVC bend - 25 mm"
"Electrical","PVC Conduit - 25 mm"
"Electrical","PVC Earthing Chamber"
"Electrical","PVC PIPE 3/4"" VTEX 1.2"
"Electrical","PVC Pipe Conduit - 25mm"
"Electrical","PVC SURFACE BOX : 1/2 MODULE"
"Electrical","PVC SURFACE BOX : 12 MODULE"
"Electrical","PVC SURFACE BOX : 3 MODULE"
"Electrical","PVC SURFACE BOX : 4 MODULE"
"Electrical","PVC SURFACE BOX : 6 MODULE"
"Electrical","PVC SURFACE BOX : 8 MODULE (HORIZONTAL TYPE)"
"Electrical","PVC Surface Module Box"
"Electrical","PVC WIRE TAPE"
"Electrical","Rack"
"Electrical","RAJ KRUTI  MAIN  LT PANEL"
"Electrical","RCCB 32 AMP 2-POLE 30mA"
"Electrical","RCCB 40AMP 2-POLE 30mA"
"Electrical","RCCB 63AMP 2-POLE 30mA"
"Electrical","ROUND DEEP JUNCTION BOX - PVC 25MM 4 WAY"
"Electrical","Rubber Cable Marker Ferrule 1 To 9 & A To Z 4mm, 2.5mm.1.5SQ.MM"
"Electrical","SB COVER PLATE - 1 MODULE"
"Electrical","SB COVER PLATE - 2 MODULE"
"Electrical","SB COVER PLATE - 3 MODULE"
"Electrical","SB COVER PLATE - 4 MODULE"
"Electrical","SB COVER PLATE - 6 MODULE"
"Electrical","SB COVER PLATE - 8 MODULE"
"Electrical","SB COVER PLATE- 12 MODULE"
"Electrical","SF 03- RAW POWER PROCESS DB PANEL"
"Electrical","SIEMENS DOL STARTER 7.5HP 10-16AMP"
"Electrical","SIEMENS DOL STARTER 7.5HP 8-12.5AMP"
"Electrical","SIEMENS FASD STARTER 15 HP 10-16AMP 415V"
"Electrical","Sintex J. box for HT meter, Make - Sintex"
"Electrical","Sintex J.bkx for LT meter, Make-Sintex"
"Electrical","SOCKETS - 13AMP INTERNATIONAL"
"Electrical","SOCKETS - 6/16AMP UNIVERSAL"
"Electrical","SP MCB - 10AMP"
"Electrical","SP MCB : 10 AMP - 10kA 'C' CURVE"
"Electrical","SP MCB : 16 AMP - 10kA 'C' CURVE"
"Electrical","SP MCB : 16 AMP -10kA"
"Electrical","SP MCB : 16AMP"
"Electrical","SP MCB : 25 AMP - 10kA"
"Electrical","SPD TYPE-02 : 2 POLE SPD"
"Electrical","SPD TYPE-02 : 4 POLE SPD"
"Electrical","SPD TYPE-2 : 4POLE"
"Electrical","SPD-4 POLE"
"Electrical","STABILIZER : 2500 KVA HT AVR"
"Electrical","Stabilizer Micro make 1kva"
"Electrical","Step Type Fan Regulator"
"Electrical","STEP TYPE FAN REGULATOR (2M)"
"Electrical","STEP TYPE-FAN REGULATOR 2 MODULE"
"Electrical","STLDB-01"
"Electrical","STLDB-02"
"Electrical","SUB PCC PANEL -01"
"Electrical","SUB PCC PANEL -02"
"Electrical","SUPPLY OF 50 X 6 MM COPPER EARTHING STRIP FOR NUETRAL EARTHING"
"Electrical","SUPPLY OF 50 X 6 MM GI HOT DIP EARTHING STRIP"
"Electrical","SUPPLY OF HEAT SINK PVC SLEEVS TO COVERING OF 50 X 6 MM COPPER STRIP"
"Electrical","SURFACE BOX - 3 M"
"Electrical","Switch - 10 AMP 1 Way"
"Electrical","Switch - 10 AMP 2 Way"
"Electrical","Switch - 16 AMP With Indicators"
"Electrical","Switch - 20 AMP With Indicators"
"Electrical","Tape Roll Steel Grip"
"Electrical","TF 04- RAW POWER PROCESS DB PANEL"
"Electrical","TF-LTG-HVAC-MED&RAW POWER PANEL"
"Electrical","TOP COVER BATTERY RACK & CABLE INTERCONECTING LINK"
"Electrical","TP MCB : 32AMP"
"Electrical","TPDB-01"
"Electrical","Trunking & Floor Raceways-150 MM X 50 X 1.6 MM GI FLOOR RACEWAY"
"Electrical","Trunking & Floor Raceways-200 MM X 75 MM GI FLOOR RACEWAY"
"Electrical","Trunking & Floor Raceways-200 MM X 75 X 1.6 MM GI FLOOR RACEWAY"
"Electrical","Trunking & Floor Raceways-200 X 60 X1.5MM JUNCTION BOX"
"Electrical","Trunking & Floor Raceways-250 X 85 X 1.5 MM FLOOR JUNCTION BOX"
"Electrical","Trunking & Floor Raceways-5 mm MS (Mild Steel) sheet"
"Electrical","Trunking & Floor Raceways-GI CABLE TRAY COUPLER WITH MULTIHOLE (200MM LONG X 50MM WIDE)"
"Electrical","Trunking & Floor Raceways-joint coupler of tray with cable tray"
"Electrical","Trunking & Floor Raceways-LADDER  TYPE CABLE TRAY WITHOUT COVER : 1000 MM (W)  X 75 (H)  MM X 2 MM (THICK)"
"Electrical","Trunking & Floor Raceways-LADDER TYPE CABLE TRAY WITHOUT COVER : 600 MM (W)  X 50 (H)  MM X 2 MM (THICK)"
"Electrical","Trunking & Floor Raceways-LADDER TYPE CABLE TRAY WITHOUT COVER : 900MM (W) X 75MM (H) X 2MM (THICK)"
"Electrical","Trunking & Floor Raceways-PERFORATED CABLE TRAY WITH COVER : 100 MM (W)  X 50 (H)  MM X 2 MM (THICK)"
"Electrical","Trunking & Floor Raceways-PERFORATED CABLE TRAY WITH COVER : 150 MM (W)  X 50 (H)  MM X 2 MM (THICK)"
"Electrical","Trunking & Floor Raceways-PERFORATED CABLE TRAY WITH COVER : 300 MM (W)  X 50 (H)  MM X 2 MM (THICK)"
"Electrical","Trunking & Floor Raceways-PERFORATED CABLE TRAY WITH COVER : 450 MM (W)  X 50 (H)  MM X 2 MM (THICK)"
"Electrical","Trunking & Floor Raceways-PERFORATED CABLE TRAY WITH COVER : 600 MM (W)  X 75 (H)  MM X 2 MM (THICK)"
"Electrical","Trunking & Floor Raceways-PERFORATED CABLE TRAY WITHOUT COVER : 100 MM (W)  X 50 (H)  MM X 2 MM (THICK)"
"Electrical","Trunking & Floor Raceways-PERFORATED CABLE TRAY WITHOUT COVER : 250MM (W) X 50MM (H) X 2MM (THICK)"
"Electrical","Trunking & Floor Raceways-PERFORATED CABLE TRAY WITHOUT COVER : 300 MM (W)  X 50 (H)  MM X 2 MM (THICK)"
"Electrical","Trunking & Floor Raceways-PERFORATED CABLE TRAY WITHOUT COVER : 450 MM (W)  X 50 (H)  MM X 2 MM (THICK)"
"Electrical","Trunking & Floor Raceways-PERFORATED CABLE TRAY WITHOUT COVER : 600 MM (W)  X 75 (H)  MM X 2 MM (THICK)"
"Electrical","Trunking & Floor Raceways-PERFORATED CABLE TRAY WITHOUT COVER : 750 MM (W)  X 75 (H)  MM X 2 MM (THICK)"
"Electrical","Trunking & Floor Raceways-PERFORATED TYPE CABLE TRAY : 150 MM(W) X 25 MM(H) X 1.6 MM (THIKNESS)"
"Electrical","Trunking & Floor Raceways-PERFORATED TYPE CABLE TRAY : 50 MM(W) X 25 MM(H) X 1.6 MM (THIKNESS)"
"Electrical","Trunking & Floor Raceways-PERFORATED TYPE CABLE TRAY WITHOUT COVER : 150 MM (W)  X 50 (H)  MM X 2 MM (THICK)"
"Electrical","Trunking & Floor Raceways-PERFORATED TYPE CABLE TRAY WITHOUT COVER : 200 MM (W)  X 50 (H)  MM X 2 MM (THICK)"
"Electrical","Trunking & Floor Raceways-PERFORATED TYPE CABLE TRAY WITHOUT COVER : 300 MM (W)  X 50 (H)  MM X 2 MM (THICK)"
"Electrical","Trunking & Floor Raceways-PERFORATED TYPE CABLE TRAY WITHOUT COVER : 50 MM (W)  X 25 (H)  MM X 2 MM (THICK)"
"Electrical","Trunking & Floor Raceways-SUPPOET - GI ""Z"" TYPE SUPPORT"
"Electrical","Trunking & Floor Raceways-WIRE MESH SS CABLE TRAY : 100 MM (W) X 53 MM(H)X 4.5 MM THICK"
"Electrical","Trunking & Floor Raceways-WIRE MESH SS CABLE TRAY : 150 MM (W) X 53 MM(H)X 4.5 MM THICK"
"Electrical","Trunking & Floor Raceways-WIRE MESH SS CABLE TRAY : 300 MM (W) X 53 MM(H)X 4.5 MM THICK"
"Electrical","Trunking & Floor Raceways-WIRE MESH SS CABLE TRAY : 450 MM (W) X 53 MM(H)X 4.5 MM THICK"
"Electrical","Trunking & Floor Raceways-WIRE MESH SS CABLE TRAY : 600 MM (W) X 53 MM(H)X 5 MM THICK"
"Electrical","Trunking & Floor Raceways-WIRE MESH SS CABLE TRAY : 70 MM (W) X 50 MM(H)X 4.5 MM THICK"
"Electrical","Trunking & Floor Raceways-WIRE MESS CABLE TRAY -COUPLER FOR JOINT"
"Electrical","Trunking & Floor Raceways-WIRE MESS TYPE 150MM (W)x53MM (H) X 4.5MM THICK SS CABLE TRAY"
"Electrical","Trunking & Floor Raceways-WIRE MESS TYPE 50MM (W)x 50MM (H) X 4.5MM THICK SS CABLE TRAY"
"Electrical","UNIVERSAL SOCKET : 13 AMP UNIVERSAL SOCKET"
"Electrical","UNIVERSAL SOCKET-13 AMP"
"Electrical","UPS 3 KVA"
"Electrical","UPS INPUT/OUTPUT PANEL"
"Electrical","UPS MPDB-02 CUSTOMIZED"
"Electrical","UPS OUTPUT PANEL 1F"
"Electrical","UPS OUTPUT PANEL GF"
"Electrical","UPS POWER PANEL"
"Electrical","VRF PANEL -01"
"Electrical","VRF PANEL -02"
"Electrical","VTPN DB - 4WAY"
"Electrical","WARE HOUSE MAIN  ELECTRICAL PANEL"
"Electrical","WIRE TAP.."
"Electrical","Wires - 1.5 sqmm Copper FRLS"
"Finishes","18-19 MM THK. TAN BROWN SLAB-GRANITE"
"Finishes","18-19 MM WHITE INDIAN MARBLE SLAB"
"Finishes","18-20 mm Thick Ten Brown polish Granite - Slab Size (8.5 Feet x 3.25 Feet)"
"Finishes","18-20mm Thick Ten Brown Leather Finish Granite"
"Finishes","300 X 1200 STAIRWAY GREY"
"Finishes","300 X 200 mm Ceramic Glazed Eyes Waterproof"
"Finishes","300 X 300 mm Ceramic Glazed Eyes Waterproof"
"Finishes","300 X 300 mm Ceramic Glazed Plane Tiles"
"Finishes","600 X 600 MARMO BROWN MT"
"Finishes","600 X 600 ROMAN CHOCO"
"Finishes","600 X 600 TERASTONE BEIGE"
"Finishes","ACP Cladding"
"Finishes","ALT ROSSO (12MM) 300 x 300"
"Finishes","ALT ROSSO (15MM) 300 x 300"
"Finishes","ALUMINIUM PATTI 2MTR."
"Finishes","Armano Express Soil Full Body (600 x 1200) 12mm"
"Finishes","Armano Magic Gray 600x1200mm - Matte finish - 9mm"
"Finishes","ARMANO MAGIC GREY  BLAST ( 600 X 1200 )"
"Finishes","Asian Cement Primer"
"Finishes","Bath Door"
"Finishes","CADET GLOSSY ( 1200 X 600 )"
"Finishes","Ceramic Glazed Tiles"
"Finishes","Ceramic Glezed Tiles - Grade 2"
"Finishes","Clay Tiles Size - 9"" x 3"" 15mm thick Medium terracotta shade"
"Finishes","COSMIC CREMA POLISH (15MM) Emcer 800 x 2400 mm Glossy"
"Finishes","Cupboard - Wooden"
"Finishes","D2 Main Door ID - 35mm Both Side Ti U a SF Laminate"
"Finishes","D2 Main Door ID - 35mm Vision Panel Cut"
"Finishes","D3 Toilet Door ID -30mm Both Side Timex Urban .SAF Laminate"
"Finishes","Dado"
"Finishes","Dead Lock"
"Finishes","DENVER WHITE"
"Finishes","Door Closer"
"Finishes","Door Laminates"
"Finishes","Door Shutter"
"Finishes","Door Silencer / Rubber Buffer"
"Finishes","EGM03 (Door shutter Film)"
"Finishes","ERA WHITE"
"Finishes","Exterior Suprema Primer"
"Finishes","FERRO BROWN ( 600 X 1200 )"
"Finishes","FERRO WHITE GLOSSY (1200 X 600 )"
"Finishes","FERRO WHITE LINAR  MATT ( 1200 X 600 )"
"Finishes","FERRO WHITE LINEAR ( 600 X 1200 )"
"Finishes","FERRO WHITE MATT ( 1200 X 600 )"
"Finishes","FERRO WHITE MATT ( 600 X 1200 )"
"Finishes","Flamed Granite"
"Finishes","Flooring Tiles ( Imperial white ) Glossy finish"
"Finishes","FLORENCE SAND MOLTEN"
"Finishes","Flush Door with Wooden Shutter"
"Finishes","FRP Door Frame"
"Finishes","FRP Door Shutter - Double leaf"
"Finishes","FRP Door Shutter - Single leaf Door"
"Finishes","FRP Door with FRP Frame"
"Finishes","GC 800 x 2400 Galaxy Terrazzo Verde Glossy Fb 15mm"
"Finishes","Golden Kota 10"" x 10"" x 1722"
"Finishes","Golden Kota 10"" x 5"" x 1722"
"Finishes","Golden Kota 47"" x 5"" x 283"
"Finishes","Golden Kota 5"" x 5"" x 1722"
"Finishes","Grade 2 Tiles ( 300 X 200 mm Ceramic Glazed Eyes Waterproof )"
"Finishes","Grade-2 Floor Tiles ( B - Grade Floor Tiles)"
"Finishes","Granite"
"Finishes","Granite – Tan Brown, 18 mm Thick, Polished Finish"
"Finishes","Granite Tan Brown for Platform"
"Finishes","GRAVITA MUD 600 X 600"
"Finishes","Grey Riser"
"Finishes","Grey Thread"
"Finishes","GRIPSOM VERDE"
"Finishes","Half cylinder key operated lock"
"Finishes","Hooks Behind the Door"
"Finishes","Indian Marble"
"Finishes","Indian Marble ( White ) ( 18-19mm)"
"Finishes","Indicator - with latch Ocuupancy display"
"Finishes","Indicator Bolt with Occupancy Display"
"Finishes","IRIDEA DEGRADE CANNELLA"
"Finishes","Jaisalmer stone"
"Finishes","JD Brown Granite"
"Finishes","KAJ TERRAZO GREY GLOSSY 600 x 1200"
"Finishes","Kajaria- Terrazzo Ash 600 x 1200mm - Glosy (Polish) finish - 9mm"
"Finishes","Kalinga Stone"
"Finishes","Key Hole Cap"
"Finishes","KICH Brass Pin Cylinder 60mm-Key and Knob-Satin MH223S MLB92S PCKNS60"
"Finishes","KICH Lock Body Back Set 50X85mm+SS Main and Strike Plate"
"Finishes","KICH PR SS 304 Door Buffer Double-Satin - PRDB32DS"
"Finishes","KICH SS 304 Tower Bolt 150mm Flat-Satin - TBF36S"
"Finishes","KICH SS 316 Door Hinge Without Bearing 102X76X3mm- Satin - DH134S"
"Finishes","KICH SS 316 Mortice Handle Ø22mm Euro Profile Escutcheons-Satin"
"Finishes","KICH SS 316 Pull Handle Ø19X150mm(C/C)-Satin - PH1906S"
"Finishes","KICH Zinc Indicator Bolt-Satin - IB106S"
"Finishes","Kota"
"Finishes","Kota Stone (both sides rough), 22 mm thick, 2 ft × 2 ft"
"Finishes","Kota Stone (Semi-finished), 22 mm thick, 2 ft × 2 ft"
"Finishes","Kota Stone (Shahabad Kota Yellow ), 22 mm thick, 4 ft × 2 ft"
"Finishes","Kota stone coving"
"Finishes","L Type Tower Bolt"
"Finishes","L. Key Rack Bolt"
"Finishes","Laminate"
"Finishes","Laminate Sheet – Merino 10881 VNR Brown Legno Oak"
"Finishes","Laminate Sheet Merino-10510 SF Walnut Bronze (4' x 8')"
"Finishes","LATICRETE LATAPOXY 310 STANDARD 1 KG"
"Finishes","LATICTRETE APOXY 5 KG"
"Finishes","M/W PUMICE GLOSSY FULLBODY"
"Finishes","M/W PUMICE MATT FULLBODY (1200 X 600)"
"Finishes","M/W PUMICE PYIRAMID PUNCH FULLBODY"
"Finishes","Main Door Shutter"
"Finishes","MARFIL BUTTER GLOSSY 15MM"
"Finishes","Marfil Full Body Cadet Polished"
"Finishes","MARFIL TERRAIN POLISH 15MM"
"Finishes","MARMO BROWN 600 X 1200"
"Finishes","MIN. FORNACE ARGILLA"
"Finishes","MIN. FORNACE BIANCO"
"Finishes","MIN. FORNACE BRUNO  BRISTO"
"Finishes","Mirror"
"Finishes","Mortice Handle Ø22mm - Satin"
"Finishes","Mortice Lock Body"
"Finishes","MS Powder Coated Grill 20 X 5mm Patti"
"Finishes","MULTIFORME ARTICO  INCISO"
"Finishes","MYK LATICRETE Tile Adhesive"
"Finishes","OASIS CROSS CUT SAND FLAMED"
"Finishes","OASIS CROSS CUT SAND PLAIN"
"Finishes","OASIS GRANTE SAHARA GLOSSY"
"Finishes","OASIS GRANTE SAHARA LINAR"
"Finishes","OASIS GRANTE SAHARA MATT"
"Finishes","OASIS STONE LINEAR SAND"
"Finishes","OVERCLAY TAUPE"
"Finishes","OZONE :- closer with adjustable closing force EN 2-4 -NSK-880• Maximum Door Weight: upto 80kg• Maximum Door Width: upto1100mm"
"Finishes","PAVIT ROUND PATTERN COLOUR ALT BEIGE (15MM) 300 x 300"
"Finishes","Pidilite - Roff (T02)"
"Finishes","Pidilite - Roff (T02) Grey"
"Finishes","Pin Cylinder 60mm"
"Finishes","Platinum"
"Finishes","PRISTONE GL 600 X 1200"
"Finishes","PRISTONE MT 600 X 1200"
"Finishes","PU SILENT : SIKA 127 GREY"
"Finishes","Restiles Champagne 300x300 mm - 9mm thick"
"Finishes","Restiles Super Polo 300x300 mm - 9mm thick"
"Finishes","Restiles Super Polo 300x600 mm - 9mm thick"
"Finishes","Roff Extrofix"
"Finishes","Royal Matt"
"Finishes","Royal Matt 9515"
"Finishes","Sand Stone"
"Finishes","SCOTT BEIGE (TRADE) ( 300 X 1200 )"
"Finishes","SCOTT BEIGE 600 X 1200"
"Finishes","SCOTT BEIGE GLOSSY ( 1200 X 600 )"
"Finishes","SCOTT BEIGE MATT ( 1200 X 600 )"
"Finishes","SCOTT GREY (RISER) ( 600 X 1200 )"
"Finishes","SCOTT GREY 600 X 1200"
"Finishes","Second Grade Tiles"
"Finishes","Semi Finish Kota Stone"
"Finishes","Shaft Door"
"Finishes","Silver Shadow"
"Finishes","Simero FERRO Brown MATT finish 600x1200mm -9mm"
"Finishes","Simero FERRO WHITE MATT finish 600x1200mm -9mm"
"Finishes","SIMERO FERRO WHITE MATT FULLBODY"
"Finishes","SIMERO FERRO WHITE POLISH FULLBODY"
"Finishes","Sliding Door"
"Finishes","Smock Gray"
"Finishes","SS D Handle – Both Sides"
"Finishes","SS D Handle-Set - fpr woon door 40 MM"
"Finishes","Stainless Steel Hinges (Heavy Duty) concealed hinges"
"Finishes","Staircase Risers"
"Finishes","Staircase Treads"
"Finishes","STAIRWAY BEIGE 300 X 1200"
"Finishes","STAIRWAY GREY  (TRADE) ( 300 X 1200 )"
"Finishes","STROKE PRISTONE 600 X 1200"
"Finishes","Suprema White"
"Finishes","Tan Brown Flame Granite, 18 mm thick"
"Finishes","Teak Wood Lipping Patti"
"Finishes","TERRE COTTO BRICCO"
"Finishes","Tower Bolt (for extra internal locking)"
"Finishes","Tractor Sparc Enamel"
"Finishes","Trunking & Floor Raceways-PRIMER"
"Finishes","Trunking & Floor Raceways-SILVER PAINT"
"Finishes","URBANIA MINT"
"Finishes","VARMORA ROMAN CHOCO 600 X 600"
"Finishes","Varmora Scott Grey 1200 mm × 300 mm Matt Riser  - 10mm"
"Finishes","Varmora Scott Grey 1200 mm × 300 mm Matt Tread - 10mm"
"Finishes","Vijiyan - Brass Dead Locks - VD1"
"Finishes","Vision Panel / Ply"
"Finishes","Vitrified Tiles – Grade 2"
"Finishes","VITRIFIED TILES 600X1200"
"Finishes","White Marble (Unpolished), 18 mm thick"
"Finishes","White Putty"
"Fire Fighting","4 KG. ABC TYPE (GAS PRESSURE) FIRE EXTINGUSHER"
"Fire Fighting","4.5 KG CO2 TYPE FIRE EXTINGUSHER"
"Fire Fighting","50 LTR MECHANICAL FOAM TYPE FIRE EXTINGUSHER"
"Fire Fighting","6 KG ABC DRY CHEMICAL POWER TYPE FIRE EXTINGHSER"
"Fire Fighting","6 KG CO2 TYPE FIRE EXTINGUSHER"
"Fire Fighting","6 KG WET CHEMICAL FIRE EXTINGUHSER"
"Fire Fighting","6 KG. ABC DRY CHEMICAL POWER FIRE EXTINGUHSER"
"Fire Fighting","6 LTR ABC DRY CHEMICAL POWER FIRE EXTINGUHSER"
"Fire Fighting","9 LTR WET CHEMICAL FIRE EXTINGUHSER"
"Fire Fighting","Abc extinguisher clamp"
"Fire Fighting","Ball valve 15mm"
"Fire Fighting","Ball Valve 25mm"
"Fire Fighting","Co2 extinguisher clamp"
"Fire Fighting","Elbow 100mm"
"Fire Fighting","Elbow 150mm"
"Fire Fighting","Elbow 25mm"
"Fire Fighting","Elbow 32mm"
"Fire Fighting","Elbow 40mm"
"Fire Fighting","Elbow 50mm"
"Fire Fighting","Elbow 80mm"
"Fire Fighting","Fire Extinguisher - CO2"
"Fire Fighting","Fire Extinguisher (6kg)"
"Fire Fighting","Fire Panel"
"Fire Fighting","FIRE PUMPS ELECTRICAL PANEL"
"Fire Fighting","Flange 100mm"
"Fire Fighting","Flange 150mm"
"Fire Fighting","Flange 80mm"
"Fire Fighting","Flange 80mm 160 PCD"
"Fire Fighting","Hooter"
"Fire Fighting","INFRA PUMPS-200 MM DIA NON - RETURN VALVE"
"Fire Fighting","INFRA PUMPS-50 MM DIA NON - RETURN VALVE"
"Fire Fighting","INFRA PUMPS-80 MM DIA FOOT VALVE"
"Fire Fighting","INFRA PUMPS-80 MM DIA SLUICE VALVE"
"Fire Fighting","INFRA PUMPS-AUTO SWITCH AUTO LEVEL GUARD."
"Fire Fighting","INFRA PUMPS-DIESEL DRIVEN PUMP"
"Fire Fighting","INFRA PUMPS-ELECTRICAL DRIVEN JOCKEY PUMP"
"Fire Fighting","INFRA PUMPS-ELECTRICAL DRIVEN MAIN HYDRANT PUMP"
"Fire Fighting","INFRA PUMPS-ELECTRICAL DRIVEN MAIN SPRINKLER PUMP"
"Fire Fighting","K CLASS, 6 LTR PROTABLE FIRE EXTINGUSHER WITH CLASS K UGTS PRESSURE GAUGE"
"Fire Fighting","MCP"
"Fire Fighting","Nipple 25mm"
"Fire Fighting","Reducer 100X65"
"Fire Fighting","Reducer 25X32"
"Fire Fighting","Reducer 32X40"
"Fire Fighting","Reducer 40X25"
"Fire Fighting","Reducer 40X50"
"Fire Fighting","Reducer 50X65"
"Fire Fighting","Reducer 65X25"
"Fire Fighting","Reducer 65X80"
"Fire Fighting","Reducer 80X100"
"Fire Fighting","Reducer 80X25"
"Fire Fighting","SAND BUCKETS"
"Fire Fighting","Smoke Detector."
"Fire Fighting","Smoke Detectors"
"Fire Fighting","Socket 15mm"
"Fire Fighting","Socket 25mm"
"Fire Fighting","Threaded Elbow Socket 15mm"
"Hardware","1.1/2"" HITCH CLAMP"
"Hardware","1.1/2"" U NUT BOLT"
"Hardware","1.1/4"" HITCH CLAMP"
"Hardware","1.1/4"" U NUT BOLT"
"Hardware","1.5"" GI ""U"" Clamp with Nut  Bolt with washer."
"Hardware","1.5"" HITECH CLAMP LONG"
"Hardware","1.5"" PATA CLAMP"
"Hardware","1"" HITCH CLAMP"
"Hardware","1"" U NUT bolt"
"Hardware","105 (M) Site Prelims Plumbing Works-S.S NUT BOLT HEAVY 4''"
"Hardware","12 mm 4"" long SS Nut Bolt"
"Hardware","2 "" U Nut  BOLT"
"Hardware","2 1\2 "" HITCH CLAMP"
"Hardware","2 1\2 "" U Nut  BOLT"
"Hardware","2 mm (2.5"" Long) Tor Nails"
"Hardware","2.5"" CEMENT NAILS"
"Hardware","2.5"" GI ""U"" Clamp with Nut  Bolt with washer."
"Hardware","2.5"" HITECH CLAMP LONG"
"Hardware","2""  TAR NAILS"
"Hardware","2"" Cement Nails"
"Hardware","2"" GI ""U"" Clamp with Nut  Bolt with washer"
"Hardware","2"" HITCH CLAMP"
"Hardware","2"" U-BUT-BOLT"
"Hardware","20 MM GI SADDLE"
"Hardware","2mm Tar nails (2.5"" long)"
"Hardware","3''X4'' Z PATI"
"Hardware","3"" × 4' Z type GI Bracket (thickness - 2mm)."
"Hardware","3"" GI ""U"" Clamp with Nut  Bolt with washer"
"Hardware","3"" U-NUT-BOLT"
"Hardware","3""*4' Z Bracket"
"Hardware","32 MM GI SADDLE"
"Hardware","35X10 GRIP"
"Hardware","35x10 SCREW"
"Hardware","4"" GI ""U"" Clamp with Nut  Bolt with washer."
"Hardware","4” shadle clamp"
"Hardware","4"" U NUT BOLT"
"Hardware","50mm gi shedle clamp"
"Hardware","6 MM CEMENT KHILLA"
"Hardware","6"" GI ""U"" Clamp with Nut Bolt with washer."
"Hardware","6"" U Nut Bolt"
"Hardware","6mm cement nails (2.5"" long )."
"Hardware","8MM BULLET FASTNER"
"Hardware","8MM GI WASHER"
"Hardware","8MM NUT WASHER"
"Hardware","8MM NUT-BOLT"
"Hardware","8MM NUT-BOLT-WASHER"
"Hardware","8MM ROD WASHER"
"Hardware","8MM THREADED FAD"
"Hardware","8MM WASHER"
"Hardware","ANCHOR BOLT 10x100"
"Hardware","Anchor fastener fix type 12X100"
"Hardware","Anchor Fastener Pin Type 12X100"
"Hardware","Anchor Fastner"
"Hardware","Bosch Professional GLL 3-15X Line Laser, IP54 15m Self Levelling (Accuracy: ± 0.2 mm/m, Blue)"
"Hardware","BULLET FASTNER"
"Hardware","C TYPE Clamp"
"Hardware","CABLE TIE (ICT)"
"Hardware","CEMANT NAILS"
"Hardware","Cottan Rollar Big"
"Hardware","D- Hook"
"Hardware","Fan Hook (Need With 2 holes) with 2 nos GI Anchor  Fastner."
"Hardware","GI CLAMP 16MM"
"Hardware","GI SADDLE - 20 mm"
"Hardware","GI SADDLE - 25 mm"
"Hardware","Hi-Tech Clamp-100MM"
"Hardware","Hi-Tech Clamp-25MM"
"Hardware","Hi-Tech Clamp-32MM"
"Hardware","Hi-Tech Clamp-40MM"
"Hardware","Hi-Tech Clamp-50MM"
"Hardware","Hi-Tech Clamp-65MM"
"Hardware","Hi-Tech Clamp-80MM"
"Hardware","HITCH CLAMP"
"Hardware","J-Bolt M10x150mm Set of 2 FOR EACH BOLLARD Lights"
"Hardware","KHILA"
"Hardware","KHILI"
"Hardware","Khilla (3"" LONG)"
"Hardware","KHILLA (NAILS)"
"Hardware","Kit TE 70-AVR + TE-YX 25/52, Combihammer TE 70-AVR 230V, Hammer Drill Bit TE-YX 25/52"
"Hardware","Light Fans etc-D-Hook with 2 nos. Wedge Anchor Fasteners (Size-100mm x 10mm)"
"Hardware","Long Tar Nails 3"""
"Hardware","Measure Tape"
"Hardware","MS  Z SLOTTED ANGLE PATTI 3 MTR LENGTH"
"Hardware","Nut (1350 NOS/14 KG) 10mm"
"Hardware","Nut Bolt - With 2 Washer set"
"Hardware","P-CLIP 25MM"
"Hardware","PATTI CLIP:- 40MM"
"Hardware","Percussion Core Bit TE-Y-BK 150/550"
"Hardware","Percussion Core Bit TE-Y-BK 45/290"
"Hardware","Percussion Core Bit TE-Y-BK 68/290"
"Hardware","Percussion Core Bit TE-Y-BK 82/290"
"Hardware","Pipes+Others-12mm X 3"" SS 304 nut bolts"
"Hardware","Pipes+Others-3"" U TYPE CLAMP"
"Hardware","Pipes+Others-5"" LONG GI NUT BOLT WITH WASHER"
"Hardware","Pipes+Others-NUT-BOLT WASHER"
"Hardware","Rowel plug"
"Hardware","S.S. NUT BOLT HEAVY 4"""
"Hardware","Screw"
"Hardware","STREET LIGHTS FOUNDATION BOLT- 16 MM X 400 MM"
"Hardware","TAR NAILS"
"Hardware","Tie Rod 10mm"
"Hardware","Trunking & Floor Raceways-8mm nut-bolt"
"Hardware","Trunking & Floor Raceways-8MM THREAD ROD COUPLER"
"Hardware","Trunking & Floor Raceways-ANCHOR FASTNER -75 X10MM"
"Hardware","Trunking & Floor Raceways-BULLET FASTENER"
"Hardware","Trunking & Floor Raceways-BULLET FASTNER - M8 X 10 X 30 MM SS ANCHOR BULLET FASTNER"
"Hardware","Trunking & Floor Raceways-C- CHANEL PATTI"
"Hardware","Trunking & Floor Raceways-GI NUT - 8MM WITH DOUBLE WASHERS"
"Hardware","Trunking & Floor Raceways-GI NUTBOLT (1'' LONG) - 6MM WITH DOUBLE WASHERS"
"Hardware","Trunking & Floor Raceways-GI WASHER"
"Hardware","Trunking & Floor Raceways-NUT BOLT -  8 MM NUT WITH  DOUBLE WASHER"
"Hardware","Trunking & Floor Raceways-Z- CHANEL PATTI"
"Hardware","U bolt - nut and washer"
"Hardware","u CLAMP 4"" COTING"
"Hardware","U CLAMP 6""(160MM)"
"Hardware","U CLAMP RUBBER COATED 4"""
"Hardware","U-Bolt-100mm"
"Hardware","U-Bolt-80mm"
"Hardware","Washer (1350 NOS/10 KG) 10mm"
"Hardware","WOODEN SCREW - 35 X 10 mm"
"Hardware","Z BRACKET"
"Hardware","Z CLAMP 4F X 3"""
"HVAC","1.5 TR HI WALL UNIT SET WITH IDU & ODU"
"HVAC","10 TR AHU CONTROLLER"
"HVAC","10 TR AHU KIT"
"HVAC","102 (A) Porta Cabins-Air Conditioner - Spilt - Indoor Unit (1.5 Ton)"
"HVAC","102 (A) Porta Cabins-Air Conditioner - Spilt -1.5 Ton - Indoor Unit"
"HVAC","11 TR AHU CONTROLLER"
"HVAC","11 TR AHU KIT"
"HVAC","12 AHU CONTROLLER"
"HVAC","12 AHU KIT"
"HVAC","13 TR AHU CONTROLLER"
"HVAC","13 TR AHU KIT"
"HVAC","18 TR AHU CONTROLLER"
"HVAC","18 TR AHU KIT"
"HVAC","30 TR AHU CONTROLLER"
"HVAC","30 TR AHU KIT"
"HVAC","4 WAY CASSETTE UNIT - 1 TR"
"HVAC","4 WAY CASSETTE UNIT - 1.3 TR"
"HVAC","4 WAY CASSETTE UNIT - 1.3 TR - FUTURE"
"HVAC","4 WAY CASSETTE UNIT - 1.6 TR"
"HVAC","4 WAY CASSETTE UNIT - 2 TR"
"HVAC","4 WAY CASSETTE UNIT - 2 TR - FUTURE"
"HVAC","4 WAY CASSETTE UNIT - 2.6 TR"
"HVAC","4 WAY CASSETTE UNIT - 2.6 TR - FUTURE"
"HVAC","5 TR AHU CONTROLLER"
"HVAC","5 TR AHU KIT"
"HVAC","50 TR AHU CONTROLLER"
"HVAC","50 TR AHU KIT"
"HVAC","53 AHU CONTROLLER"
"HVAC","53 TR AHU KIT"
"HVAC","6 TR AHU CONTROLLER"
"HVAC","6 TR AHU KIT"
"HVAC","6 TR TFA AHU CONTROLLER"
"HVAC","6 TR TFA AHU KIT"
"HVAC","7 TR AHU CONTROLLER"
"HVAC","7 TR AHU KIT"
"HVAC","8 TR TFA AHU CONTROLLER"
"HVAC","8 TR TFA AHU KIT"
"HVAC","9 TR AHU CONTROLLER"
"HVAC","9 TR AHU KIT"
"HVAC","9 TR TFA AHU CONTROLLER"
"HVAC","9 TR TFA AHU KIT"
"HVAC","AHU CONTROLLER"
"HVAC","AHU CONTROLLER : FOR ALL AHU KITS."
"HVAC","AHU KIT"
"HVAC","AHU KIT : FOR 11 HP TO 20 HP ODU"
"HVAC","AHU KIT FOR LESS THAN 10 HP ODU"
"HVAC","Air Conditioner - Spilt -2 Ton - Indoor Unit"
"HVAC","CENTRALIZED SYSTEM CONTROLLER OF ODU & IDU."
"HVAC","COPPER JOINTS REFNETS"
"HVAC","CORDED REMOTES"
"HVAC","CORDLESS REMOTE"
"HVAC","DX ODU UNIT - 11 TR"
"HVAC","DX ODU UNIT - 8.5 TR"
"HVAC","DX-HI WALL UNIT - 02 TR"
"HVAC","DX-HI WALL UNIT - 1.5 TR"
"HVAC","HAVEELS/VENTILAIR LX -WS - 150 MM"
"HVAC","HI WALL UNIT - 1.3 TR"
"HVAC","HI WALL UNIT - 2 TR"
"HVAC","HI-WALL UNIT AND ODU UNIT -2TR"
"HVAC","Light Fans etc-Fan Exhaust"
"HVAC","Light Fans etc-ORINET ELECTRIC/ VENTILATOR DX- 150 MM"
"HVAC","PANEL (GRILL)"
"HVAC","T JOINTS OF ODU'S"
"HVAC","TRAPDOOR - 1000 X 700 MM"
"HVAC","TRAPDOOR - 450 X 450 MM"
"HVAC","TRAPDOOR - 600 X 600 MM"
"HVAC","VRV ODU UNIT - 10 HP"
"HVAC","VRV ODU UNIT - 12 HP"
"HVAC","VRV ODU UNIT - 14 HP"
"HVAC","VRV ODU UNIT - 14 HP (SYSTEM-04)"
"HVAC","VRV ODU UNIT - 14 HP (SYSTEM-15)"
"HVAC","VRV ODU UNIT - 16 HP"
"HVAC","VRV ODU UNIT - 18 HP"
"HVAC","VRV ODU UNIT - 20 HP"
"ICT","12 CORE Armoure Fiber Cable"
"ICT","2MP Bullet Camera"
"ICT","2MP IR Bullet Camera"
"ICT","2MP IR Vandal Dome Camera"
"ICT","4 Channel NVR - Matrix"
"ICT","5MP Bullet Camera"
"ICT","5MP IR Vandal Dome Camera Audio Support with builtin mic"
"ICT","5MP Vandal Dome Camera"
"ICT","64 Channel NVR - Matrix"
"ICT","64 Channel NVR with 4K Support and 4 HDD Slots"
"ICT","Access Control - Door Lock (RFID)"
"ICT","Cable - CAT 6"
"ICT","CAT 6 Cable"
"ICT","CAT 6A Cable"
"ICT","CAT6 Cables - D-Link"
"ICT","CAT6 SECURUS DOUBLE COATED"
"ICT","CCTV"
"ICT","CCTV Camera - Hikvision (2MP IP Dome Vandal Proof)"
"ICT","CCTV Camera - Hikvision (IP BULLET)"
"ICT","CRYSTAL GSM FCT Gateway"
"ICT","DATA SOCKET : RJ45"
"ICT","Fiber 12 Core SM"
"ICT","Fiber LIU – 24 Port"
"ICT","Fiber LIU – 48 Port"
"ICT","Fiber Optic Cable : 12 CORE Armoured Fiber Cable"
"ICT","Fiber Optic Cable: 48 CORE Armoured Fiber Cable"
"ICT","Fibre Optic Cable: 6 CORE Armoured Fibre Cable"
"ICT","GRANDSTREAM WIRELESS IP PHONE GRP2601W"
"ICT","Hardware Firewall - Sophos XGS2100"
"ICT","HDD - 10TB WD Ultrastar - Surveillance"
"ICT","HDD - External - Seagate (10TB) (FA)"
"ICT","HDD 12TB SEAGATE ENTERPRISE EXOS"
"ICT","HDD 12TB WD"
"ICT","HDD 16TB SEAGATE"
"ICT","HDMI Cable"
"ICT","HDMI CABLE MX 10M"
"ICT","HDPE Pipe - 40 mm"
"ICT","Hikcentral License"
"ICT","HIKVISION COLOR HYBRID 2MP CAMERA DOME WITH  MIC  DS2CD1323G2-LIU"
"ICT","HIKVISION DS2CD3121G0-1U 2.8MM VANDALPROOF"
"ICT","HP DesignJet T230"
"ICT","ICT RACK PDU"
"ICT","Ink Cartridge - Black"
"ICT","Ink Cartridge - Cyan"
"ICT","Ink Cartridge - Magenta"
"ICT","Ink Cartridge - Yellow"
"ICT","IT – BACK BOX – FACE PLATE – IO  & ITS ACCESSORIES"
"ICT","IT RACK 12U - FMS.."
"ICT","IT RACK 15U – WALL MOUNT"
"ICT","IT RACK 6U – WALL MOUNT"
"ICT","IT RACK 9U – WALL MOUNT"
"ICT","Laptop - Acer Aspire 5"
"ICT","Laptop Battery"
"ICT","Laptop Fan"
"ICT","Laptop Keyboard"
"ICT","Laptop Screen"
"ICT","LENOVO SERVER"
"ICT","MATRIX IP PBX PRASAR SPARK 200"
"ICT","MATRIX IP PHONE SPARSH VP210"
"ICT","Matrix license"
"ICT","Microsoft License Planner and Project Plan 3"
"ICT","Modem E-90,MODEL-E90"
"ICT","Mouse"
"ICT","Mouse Pad"
"ICT","MX HDMI CABLE 5 METRE"
"ICT","Network Switch - 16 PORT - TP-LINK"
"ICT","Network Switch - 24 PORT - TP-LINK"
"ICT","Network Switch - 8 PORT - TP-LINK"
"ICT","Network Switch - HP 12 PORT - 6100 - CL4 – ARUBA"
"ICT","Network Switch - HP 24 PORT - 6100 - CL4 – ARUBA"
"ICT","Network Switch - HP 48 PORT - 6100 - CL4 - ARUBA"
"ICT","Network Switch - TP Link (24 Port - TL SG 1428) (FA)"
"ICT","Network Switch POE - 4 Port - 10/100/1000 Hikvision"
"ICT","Network Switch POE - 8 Port - 10/100/1000 Hikvision"
"ICT","Network Switch POE - 8 Port - Securus"
"ICT","PATCH CORD"
"ICT","PATCH CORD – CAT 6"
"ICT","PATCH CORD – FIBER – LC to LC"
"ICT","Patch Panel 24 Port - CAT6"
"ICT","Patch Panel 24-Port"
"ICT","Plottar Paper Roll"
"ICT","Plottar Paper Roll Size ( 24 X 50 X 90 )"
"ICT","Printer - Canon -  Pixma G6070"
"ICT","Printer Cartridge"
"ICT","Printer Pages"
"ICT","Rack 4U - IT"
"ICT","Rack 6 U (IT)"
"ICT","Router  - Outdoor Access Point – TP-Link EAP 650"
"ICT","Router - TP link Archer C6"
"ICT","Router - TP Link HD620"
"ICT","SFP – 10G – ARUBA"
"ICT","SSD 256GB"
"ICT","VOIP phone – Grandstream GRP2601P"
"ICT","WEBCAM LOGITECH BRIO 4K"
"ICT","WIFI Controller - TP Link 0C200"
"Landscape","16mm Elbow"
"Landscape","16mm END Cap"
"Landscape","16mm Inline Pipe"
"Landscape","16mm OD Drip pipe"
"Landscape","16mm Tee"
"Landscape","AP 120 CM FAN PALM X 18 LVS 6311"
"Landscape","AP 180 CM FICUS 1803D"
"Landscape","Begonia"
"Landscape","Chinese Tagar"
"Landscape","Dwarf ixora"
"Landscape","Dwarf Tagar"
"Landscape","Edgeblock"
"Landscape","Green Turf - 35mm"
"Landscape","Gulmohar"
"Landscape","Kerb Stone - K-HB GREY SL VWP 600 x 300 x 125MM"
"Landscape","Kerb Stone - K-HB x BN DR (LH) GREY VWP 1000 x 300 x 125MM"
"Landscape","Kerb Stone - K-HB x BN DR (RH) GREY VWP 1000 x 300 x 125MM"
"Landscape","Kerb Stone - K-SQ GREY SL VWP 600 x 300 x 125MM"
"Landscape","Paver block (Grey color) Size: 150*150*60"
"Landscape","Paver Block Black - QUADRASTEINE ST BLACK DL CP 60MM"
"Landscape","Paver Block Black - QUADRASTEINE ST JETBLACK DL CP 80MM"
"Landscape","Paver Block Grey - QUADRASTEINE ST GREY DL CP 60MM"
"Landscape","Paver Block Grey - QUADRASTEINE ST GREY DL CP 80MM"
"Landscape","QUADRASTEINE PAVER BLOCK MOCHA DL-R 60MM (350 KG/CM²)"
"Landscape","QUADRASTEINE PAVER BLOCK NUT BROWN DL-R 60MM (350 KG/CM²)"
"Landscape","Spider-lily"
"Landscape","Tubebuia"
"Landscape","Wedelia"
"Lighting","104 (M) Site Prelims Electrical Works-FLOOD LIGHTS (200w)"
"Lighting","3 MTR LONG SINGLE ARM WALL MOUNTED POLE"
"Lighting","30WATT CYLINDER TYPE CANOPY LIGHT"
"Lighting","40WATT LED BATTEN TUBE LIGHT"
"Lighting","40WATTS LED BATTEN LIGHT"
"Lighting","40WATTS LED WEATHER PROOF BATTEN LIGHT…"
"Lighting","BOLLARD LIGHTS : CAT NO - NL 4331, 16-18w (350ma driver)"
"Lighting","BOUNDARY WALL FLOOD LIGHTS"
"Lighting","Light - Street (Pole)"
"Lighting","Light Fans etc-""2x18W LIGHT FIXTURE """
"Lighting","Light Fans etc-""SPOT / COB LIGHT (WHITE BODY) 15W 4000K (DAYLIGHT) """
"Lighting","Light Fans etc-1 FEET X 1FEET LIGHTS FRAME"
"Lighting","Light Fans etc-10 WATT LED BULK HEAD LIGHT FIXTTURE"
"Lighting","Light Fans etc-12 WATT RECESS TYPE SPOT LIGHT(WHITE FINISH) WITH CCT-4000K-BLEACH PLUS-LFDL1161R"
"Lighting","Light Fans etc-12WATT RADIUS LFDL1077R WHITE  4000K"
"Lighting","Light Fans etc-15 WATT  DOWN LIGHTS FOR TOILETS AREA"
"Lighting","Light Fans etc-15 WATT COB DOWNLIGHT DEEP RECESSED LIGHT(WHITE FINISH) WITH CCT-4000K-RADIUS-LFDL1077"
"Lighting","Light Fans etc-150 WATT LED HIGHBAY LIGHT FIXTURE"
"Lighting","Light Fans etc-15W LED IP-20/ IK03  SURFACE MOUNTED CIRCULAR DOWN LIGHT"
"Lighting","Light Fans etc-15W LED IP-20W SURFACE MOUNTED CIRCULAR DOWN LIGHT"
"Lighting","Light Fans etc-18 WATT RECESSED TYPE PANEL LIGHTS"
"Lighting","Light Fans etc-18 WATT-4000K RECESS TYPE LIGHT FIXTURE-RADIUS-LFDL1077R"
"Lighting","Light Fans etc-18 WATT-4000K-DEEP RECESS TYPE DOWN LIGHT-PRISM-LFDL1207R"
"Lighting","Light Fans etc-18 WATT-6500K-DEEP RECESS TYPE DOWN LIGHT-PRISM-LFDL1207R"
"Lighting","Light Fans etc-18-WATT -4000K-SURFACE ROUND TYPE LIGHT BRAVO- PLUS- LFSS1162R"
"Lighting","Light Fans etc-18W 1x1 LED IP-20 RECESS MOUNTED LIGHT"
"Lighting","Light Fans etc-1X1 (1 FEET X 1 FEET) 24 WATT , 6500K- RECESSED TPE LIGHTS - Ra LFPL861B R."
"Lighting","Light Fans etc-1x1 FIXTURE"
"Lighting","Light Fans etc-1x18W LIGHT FIXTURE"
"Lighting","Light Fans etc-2 FEET X 2 FEET-36 WATT-6500K- MODULAR CEILING LED PANEL LIGHT-REGINA-LFPL861B"
"Lighting","Light Fans etc-2 X 20 WATT TUBELIGHT BATTEN TYPE LIGHT FIXTURE"
"Lighting","Light Fans etc-24W 1x1 LED IP-20 SURFACE MOUNTED LIGHT"
"Lighting","Light Fans etc-28W T5 TUBE LIGHT"
"Lighting","Light Fans etc-2x2FIXTURE"
"Lighting","Light Fans etc-36W 2x2 LED IP-20 SURFACE MOUNTED LIGHT"
"Lighting","Light Fans etc-36WATT 2X2 LAFITS LIGHT DRIVERS"
"Lighting","Light Fans etc-40 WATT CANOPY LIGHT FIXTURE FOR DOCK"
"Lighting","Light Fans etc-40W LED IP-66 WELL GLASS LIGHT"
"Lighting","Light Fans etc-40W LED WEATHER PROOF BATTEN IP66 4-FEET"
"Lighting","Light Fans etc-40W LED WEATHER PROOF BATTEN IP66 FEET"
"Lighting","Light Fans etc-42W 2x2 LED IP-20 RECESS MOUNTED LIGHT"
"Lighting","Light Fans etc-50 WATT MOVEBLE LIGHT FIXTURE FOR DOCK WITH STAND"
"Lighting","Light Fans etc-60W 2x2 LED IP-20 RECESS MOUNTED LIGHT"
"Lighting","Light Fans etc-70W LED IP-66 FLOOD LIGHT"
"Lighting","Light Fans etc-70W LED IP-66 WELL GLASS LIGHT"
"Lighting","Light Fans etc-70W LED IP-66 WELL GLASS LIGHT :-70W"
"Lighting","Light Fans etc-80W LED IP-66 MEDIUMBAY LIGHT"
"Lighting","Light Fans etc-ALUMINIUM PROFILE FOR LED STRIP"
"Lighting","Light Fans etc-ALUMINUM PROFILE WITH CLEAR GLASS COVER"
"Lighting","Light Fans etc-BULK HEAD LIGHT 10W"
"Lighting","Light Fans etc-Ceiling Light"
"Lighting","Light Fans etc-CEILING PANEL LED LIGHT- 32W MODULER TYPE"
"Lighting","Light Fans etc-COB DOWNLIGHT DEEP RECESSED 15W-4000K"
"Lighting","Light Fans etc-DECORATIVE HANGING LIGHT FOR MULTI-PURPOSE KITCHAN"
"Lighting","Light Fans etc-DEEP RECEESSED DOWN LIGHT WITH DIFUSER-15-18W(5700-6500K)"
"Lighting","Light Fans etc-EMERGENCY LIGHT FIXTURE - AUTO-LIGHT"
"Lighting","Light Fans etc-FLOOD LIGHTS"
"Lighting","Light Fans etc-HANGING LIGHT"
"Lighting","Light Fans etc-LED HANGING PROFILE LIGHT"
"Lighting","Light Fans etc-LED LINEAR HANGING - ON CORNER WORKSTATIONS 36 WATTS - 3600K"
"Lighting","Light Fans etc-LED STRIP LIGHT DRIVER"
"Lighting","Light Fans etc-LED STRIP LIGHT DRIVER 100W"
"Lighting","Light Fans etc-LED STRIP LIGHT DRIVER 150W"
"Lighting","Light Fans etc-LED STRIP LIGHT DRIVER 200W"
"Lighting","Light Fans etc-LED STRIP STRIP LIGHT"
"Lighting","Light Fans etc-LENS FOR LIGHTS"
"Lighting","Light Fans etc-Light - Bulkhead"
"Lighting","Light Fans etc-Light - Ceiling"
"Lighting","Light Fans etc-Light - Focus"
"Lighting","Light Fans etc-Light - Step"
"Lighting","Light Fans etc-Light - Wall ( Wall )"
"Lighting","Light Fans etc-Light - Wall (2 way)"
"Lighting","Light Fans etc-Light Bollard ( LED) ( FA)"
"Lighting","Light Fans etc-Light Wall"
"Lighting","Light Fans etc-LINEAR LASER BLADE LIGHT"
"Lighting","Light Fans etc-MIRROR LIGHT"
"Lighting","Light Fans etc-MIRROR LIGHT (WALL BRACKET TYPE)"
"Lighting","Light Fans etc-ORCUS SURFACE -15WATT 4000K"
"Lighting","Light Fans etc-PRISM LFDL1207R -18W"
"Lighting","Light Fans etc-RECESS TYPE SPOT LIGHT-ANTI GLORY(S)"
"Lighting","Light Fans etc-RECESS TYPE SPOT LIGHTS"
"Lighting","Light Fans etc-STRIP LIGHT ALUMINIUM PROFILE"
"Lighting","Light Fans etc-SURFACE LIGHT(L) 18WATT 3500K WHITE BODY"
"Lighting","Light Fans etc-WALL MOUNT LIGHT"
"Lighting","Light Fans etc-ZOOM LIGHT (W )"
"Lighting","Street Light (LED)"
"Lighting","Street Lights Pole (5 Mtr Height)"
"Lighting","SURFACE ROUND LIGHT 12WATT"
"Misc","Bed - Bunk (Metal)"
"Misc","Bed – Single (Metal)"
"Misc","Bed Wooden Single"
"Misc","Bedsheet (Single)"
"Misc","Bench Fiber"
"Misc","Blanket (Fleece)"
"Misc","BOPT - 2 MT, Model : ERE BB220"
"Misc","C Flour Mill 10147 TP"
"Misc","Chair"
"Misc","Chair - Revolving"
"Misc","Chair – Milano Model, Coffee Brown (Plastic Seat with Metal Legs)"
"Misc","Cover - Mattress"
"Misc","Cover - Pillow (Pillow Cover Type: ?)"
"Misc","Cupboard (Metal Locker)"
"Misc","Curtain for window with Rods"
"Misc","Dimple Low Back Chair"
"Misc","DOCK BUMPER"
"Misc","Drapes & Curtain (Regular)"
"Misc","Matrix High Back Chair"
"Misc","Matrix Mid Back Chair"
"Misc","Mattress (Cotton)"
"Misc","MATTRESS FOR BED"
"Misc","Metal Storage Locker"
"Misc","Pillow (Cotton)"
"Misc","Pillow (Fibre)"
"Misc","Rack ( Metal )"
"Misc","Reach Truck - 2 MT, Model : ETV MC320 1151DZ"
"Misc","SEMI FOWLER BED WITH MS BOWS"
"Misc","Shawl"
"Misc","SS Table (2 Seater)"
"Misc","SS Table (4 Seater)"
"Misc","Sten Revolving Chair"
"Misc","Table (Metal)"
"Misc","Wall Clock"
"Plumbing","0.5 CPVC BRASS MTA"
"Plumbing","1 LTR PVC SOLVENT"
"Plumbing","1.25' G.I BEND H."
"Plumbing","1.5"" BRASS N.R.V"
"Plumbing","1.5"" G.I BEND H."
"Plumbing","1.5"" S.S. STEP NIPPLE (SHAMBHU)"
"Plumbing","1' G.I BEND"
"Plumbing","1"" x 3/4""  GI ELBOW"
"Plumbing","1""upvc elbow"
"Plumbing","1""upvc pipe"
"Plumbing","1/2"" BRASS HEX NIPPLE"
"Plumbing","1/2"" PVC LONG PLAG"
"Plumbing","100 MM CI- PLATE WAFER TYPE NRV VALVE"
"Plumbing","100 mm CPVC elbow"
"Plumbing","100 mm CPVC Pipe-SCH-80 (3 Mtr Length Pipe)"
"Plumbing","100 mm CPVC Tee"
"Plumbing","100GM V-TITE"
"Plumbing","100mm Butter fly valve"
"Plumbing","100mm CPVC coupler"
"Plumbing","100MM PVC COUPLER"
"Plumbing","100mm Ruber kit washer Suit to Above Flange"
"Plumbing","100mm Zoloto PRV (flange type )"
"Plumbing","100x80 mm CPVC Bushing"
"Plumbing","103 (M) Temp Water Tanks-5000 LTR WHITE WATER TANK 3LAYERS"
"Plumbing","105 (A) Site Prelims Plumbing Works-R O System"
"Plumbing","105 (A) Site Prelims Plumbing Works-Water Cooler.."
"Plumbing","105 (M) Site Prelims Plumbing Works-1.5'' G.I UNION"
"Plumbing","105 (M) Site Prelims Plumbing Works-1.5'' X 1'' G.I REDUCER"
"Plumbing","105 (M) Site Prelims Plumbing Works-1.5'' X3'' G.I NIPPLE - B"
"Plumbing","105 (M) Site Prelims Plumbing Works-1.5''S.S STEP NIPPLE (SHAMBHU)"
"Plumbing","105 (M) Site Prelims Plumbing Works-1'' G.I TEE"
"Plumbing","105 (M) Site Prelims Plumbing Works-1'' X 1/2'' C.I BUSHING HEAVY"
"Plumbing","105 (M) Site Prelims Plumbing Works-1'' X 1/2'' G.I REDUCER"
"Plumbing","105 (M) Site Prelims Plumbing Works-1'' x 2'' G.I NIPPLE-B"
"Plumbing","105 (M) Site Prelims Plumbing Works-1'' X 3'' G.I NIPPLE-B"
"Plumbing","105 (M) Site Prelims Plumbing Works-1''S.S STEP NIPPLE REDUS"
"Plumbing","105 (M) Site Prelims Plumbing Works-1/2'' X 3'' G.I NIPPLE-B"
"Plumbing","105 (M) Site Prelims Plumbing Works-1/2'' X 4'' G.I NIPPLE B''"
"Plumbing","105 (M) Site Prelims Plumbing Works-2'' G.I COUPLING"
"Plumbing","105 (M) Site Prelims Plumbing Works-2'' G.I TEE"
"Plumbing","105 (M) Site Prelims Plumbing Works-2'' G.I UNION"
"Plumbing","105 (M) Site Prelims Plumbing Works-2'' S.S. STEP NIPPLE (SHAMBHU)"
"Plumbing","105 (M) Site Prelims Plumbing Works-2'' X 1'' G.I REDUCER"
"Plumbing","105 (M) Site Prelims Plumbing Works-2'' X 3'' G.I NIPPLE-B"
"Plumbing","105 (M) Site Prelims Plumbing Works-2'' X 4'' G.I NIPPLE HEAVY"
"Plumbing","105 (M) Site Prelims Plumbing Works-2'' X1.5'' G.I REDUCER"
"Plumbing","105 (M) Site Prelims Plumbing Works-25MM BRASS BALL VALVE (ZOLOTO)"
"Plumbing","105 (M) Site Prelims Plumbing Works-25MM UPVC BALL VALVE 1''"
"Plumbing","105 (M) Site Prelims Plumbing Works-25MM UPVC BRASS FTA"
"Plumbing","105 (M) Site Prelims Plumbing Works-25MM UPVC TEE 1''"
"Plumbing","105 (M) Site Prelims Plumbing Works-32MM 10KG HDPE PIPE"
"Plumbing","105 (M) Site Prelims Plumbing Works-500GM HOLE TITE"
"Plumbing","105 (M) Site Prelims Plumbing Works-50MM 10KG H.D.P.E. PIPE"
"Plumbing","105 (M) Site Prelims Plumbing Works-50MM BRASS BALL VALVE (ZOLOTO)"
"Plumbing","105 (M) Site Prelims Plumbing Works-50MM UPVC BRASS FTA"
"Plumbing","105 (M) Site Prelims Plumbing Works-63MM 10 KG HDPE PIPE"
"Plumbing","105 (M) Site Prelims Plumbing Works-63MM HDPE COUPLER"
"Plumbing","105 (M) Site Prelims Plumbing Works-63MM PVC ENDCAP PLN 2''"
"Plumbing","105 (M) Site Prelims Plumbing Works-TEFLON TAPE 10MTR HEAVY"
"Plumbing","106 (M) Labour Camps-FLANGE : 2"" UPVC STUB"
"Plumbing","106 (M) Labour Camps-FT : 2"" UPVC BRASS"
"Plumbing","106 (M) Labour Camps-GI TEE 2""x1"""
"Plumbing","106 (M) Labour Camps-HDPE : 2"" PIPE 10KG NOBLE/TOPWELL"
"Plumbing","106 (M) Labour Camps-JALDHARA : 2"" WATER METER"
"Plumbing","106 (M) Labour Camps-NEOSEAL : UPVC SOLVENT 118ml"
"Plumbing","106 (M) Labour Camps-NIPPLE : GI BARREL 1""x 6"""
"Plumbing","106 (M) Labour Camps-NIPPLE : GI BARREL 2""x6"""
"Plumbing","106 (M) Labour Camps-PRV : VARIE 2"""
"Plumbing","106 (M) Labour Camps-REDUCER : SS NIPPLE TYPE 2""  WITH BOLT"
"Plumbing","106 (M) Labour Camps-VALVE : 1"" BRASS ZOLOTO"
"Plumbing","106 (M) Labour Camps-VALVE : 2"" BRASS ZOLOTO"
"Plumbing","109 (A) Utility Disconnection & Utility Relocation-Mud Pump"
"Plumbing","109 (M) Utility Disconnection & Utility Relocation-BRASS  BALL VALVE : 25 MM"
"Plumbing","109 (M) Utility Disconnection & Utility Relocation-BRASS  BALL VALVE : 40 MM"
"Plumbing","109 (M) Utility Disconnection & Utility Relocation-FOOT VALVE 65mm"
"Plumbing","109 (M) Utility Disconnection & Utility Relocation-GI NIPPLE : 25 MM X 6 INCH"
"Plumbing","109 (M) Utility Disconnection & Utility Relocation-GI NIPPLE : 40 MM X 6 INCH"
"Plumbing","109 (M) Utility Disconnection & Utility Relocation-GI TEE : 40  MM X 25 MM"
"Plumbing","109 (M) Utility Disconnection & Utility Relocation-GI UNION : 40 MM"
"Plumbing","109 (M) Utility Disconnection & Utility Relocation-HDPE PIPE - 50 MM DIA"
"Plumbing","109 (M) Utility Disconnection & Utility Relocation-HDPE PIPE : 4"" DIA - 6KG"
"Plumbing","109 (M) Utility Disconnection & Utility Relocation-HDPE PIPE 75MM 6KG Topwel"
"Plumbing","109 (M) Utility Disconnection & Utility Relocation-HOLD TIGHT : 200 GM TIN"
"Plumbing","109 (M) Utility Disconnection & Utility Relocation-Solvent 110ml"
"Plumbing","109 (M) Utility Disconnection & Utility Relocation-SS STEP NIPPLE  : 40 MM"
"Plumbing","109 (M) Utility Disconnection & Utility Relocation-SS STEP NIPPLE 65MM"
"Plumbing","109 (M) Utility Disconnection & Utility Relocation-TEFLONE TAP : 12.5 MM X 12 MTR"
"Plumbing","109 (M) Utility Disconnection & Utility Relocation-UPVC COUPLER 65MM"
"Plumbing","109 (M) Utility Disconnection & Utility Relocation-UPVC ELBOW 65MM"
"Plumbing","109 (M) Utility Disconnection & Utility Relocation-UPVC MT 65MM"
"Plumbing","109 (M) Utility Disconnection & Utility Relocation-UPVC PIPE 75MM"
"Plumbing","109 (M) Utility Disconnection & Utility Relocation-UPVC REDUCER 2.5X2"""
"Plumbing","109 (M) Utility Disconnection & Utility Relocation-UPVC TEE 65MM"
"Plumbing","109 (M) Utility Disconnection & Utility Relocation-UPVC UNION 65MM"
"Plumbing","109 (M) Utility Disconnection & Utility Relocation-WATER METER : 40 MM DIA"
"Plumbing","110 mm PVC  'B TYPE' Pipe SS (Single Socket) Ringfit-( 3mtr)."
"Plumbing","110 mm PVC  Coupler  (Solven Feet)."
"Plumbing","110 X 63 MM PVC TEE"
"Plumbing","110*75 mm PVC COUPLER SF"
"Plumbing","110*75 mm PVC TEE"
"Plumbing","110/75MM PVC BUSHING"
"Plumbing","110MM  PVC SHUE"
"Plumbing","110MM CPVC Y"
"Plumbing","110MM PVC ""Y"""
"Plumbing","110MM PVC 45 SHUE"
"Plumbing","110mm PVC 45' shue bend."
"Plumbing","110MM PVC COUPLER"
"Plumbing","110MM PVC ELBOW S/F"
"Plumbing","110MM PVC MULTI TRAP W/O JALI"
"Plumbing","110MM PVC PIPE 6KG B-TYPE PIPE"
"Plumbing","110MM PVC PIPE A-TYPE 6MTR"
"Plumbing","110MM PVC PLAN BEND"
"Plumbing","110mm PVC plane bend."
"Plumbing","110MM PVC S/F COUPLER"
"Plumbing","110MM PVC SHOU BEND 45"""
"Plumbing","110MM X 75MM PVC REDUCER"
"Plumbing","110x50MM PVC BUSH"
"Plumbing","110x75MM PVC BUSH"
"Plumbing","110X75MM PVC TEE"
"Plumbing","110x78 PVC BUSH"
"Plumbing","15 mm CPVC Threaded Plug"
"Plumbing","1500 MM DIA UPVC DOWN TAKE PIPE"
"Plumbing","150MM CI ZALI"
"Plumbing","15mm cp double nipple"
"Plumbing","15MM CPVC BRASS ELBOW"
"Plumbing","15MM CPVC COUPLER"
"Plumbing","15MM CPVC ELBOW"
"Plumbing","15MM CPVC PLUK"
"Plumbing","15MM PVC TEE"
"Plumbing","15MM PVC THREADPLUCK"
"Plumbing","15MM THREADED PLUCK"
"Plumbing","160 X 75mm PVC ""Y"""
"Plumbing","160*110 mm PVC BUSHING"
"Plumbing","160×75mm  PVC tee."
"Plumbing","160×75mm  PVC Y"
"Plumbing","160mm 45' shue"
"Plumbing","160mm PVC 'A TYPE' SS (Single Socket) Ring fit pipe (3 Mtr length of each Pipe)."
"Plumbing","160MM PVC 45 Shue"
"Plumbing","160mm PVC 45' shue bend."
"Plumbing","160MM PVC A Type SF Pipe"
"Plumbing","160MM PVC B Type SF Pipe"
"Plumbing","160mm PVC coupler"
"Plumbing","160mm PVC coupler (Solvent Fit)"
"Plumbing","160MM PVC Cupler"
"Plumbing","160MM PVC Door Bend"
"Plumbing","160mm PVC elbow (Solvent Fit)"
"Plumbing","160mm pvc end cap"
"Plumbing","160MM PVC PIPE A-TYPE 6MTR"
"Plumbing","160MM PVC Plan Bend"
"Plumbing","160mm pvc y"
"Plumbing","160MM X 110MM PVC RED. TEE"
"Plumbing","160x110MM  FOAMCORE GULLEY TRAP"
"Plumbing","160X110mm pvc bushing"
"Plumbing","2.5"" UPVC FTA"
"Plumbing","2.5"" UPVC Pipe"
"Plumbing","2.5"" UPVC Valve"
"Plumbing","2"" connection pipe"
"Plumbing","2"" X 1.5"" S.S. BUSHING CNC"
"Plumbing","20 MM BALL COCK"
"Plumbing","20 mm Concealed Stop Cock"
"Plumbing","20 MM CPVC PIPE"
"Plumbing","20 MM CPVC PIPE - SDR -11 TYPE"
"Plumbing","20 mm CPVC Stepover Bend"
"Plumbing","20 MM TANK NIPPLE"
"Plumbing","20*15MM CPVC BRASS ELBOW"
"Plumbing","20*15MM CPVC BRASS MTA"
"Plumbing","20*15MM CPVC BUSHING"
"Plumbing","20*15MM CPVC TEE"
"Plumbing","20*20MM CPVC BRASS MTA"
"Plumbing","200 LTR WATER COOLER"
"Plumbing","20MM CPVC COUPLER"
"Plumbing","20MM CPVC COUPLER SDR 11"
"Plumbing","20MM CPVC ELBOW"
"Plumbing","20MM CPVC ELBOW SDR 11"
"Plumbing","20MM CPVC END CAP"
"Plumbing","20MM CPVC END CAP SDR 11"
"Plumbing","20mm CPVC half set or (stepover bend )"
"Plumbing","20mm CPVC Pipe SDR-11"
"Plumbing","20MM CPVC TEE SDR 11"
"Plumbing","20mm gi shadle"
"Plumbing","20MM X 15MM CPVC BRASS ELBOW SDR 11"
"Plumbing","20MM X 15MM CPVC BRASS M.T.A. SDR - 1"
"Plumbing","20MM X 20MM CPVC BRASS MTA"
"Plumbing","20mm Zoloto Brash ball valve"
"Plumbing","20MM ZOLOTO VALVE"
"Plumbing","20X15 CPVC BRASS MTA"
"Plumbing","20X15mm cpvc brass elbow"
"Plumbing","20X20 CPVC BRASS MTA"
"Plumbing","25 mm cpvc elbow"
"Plumbing","25 mm cpvc pipe"
"Plumbing","25 mm PVC  45 Degree Shue  bend"
"Plumbing","25 mm PVC elbow"
"Plumbing","25*20MM CPVC BUSHING"
"Plumbing","25*20MM CPVC TEE"
"Plumbing","250ML SOLVENT - PVC PRECISION"
"Plumbing","25MM BRASS BALL COCK"
"Plumbing","25MM CPVC BRASS FTA"
"Plumbing","25MM CPVC BRASS MTA"
"Plumbing","25MM CPVC COUPLER"
"Plumbing","25MM CPVC ELBOW"
"Plumbing","25MM CPVC PIPE"
"Plumbing","25MM CPVC TANK ADAPTOR"
"Plumbing","25mm cpvc tank nipple"
"Plumbing","25MM CPVC TEE"
"Plumbing","25mm cpvc union"
"Plumbing","25MM GI ELBOW"
"Plumbing","25MM GI PIPE CLASS B"" 1'"
"Plumbing","25mm PVC 'A' TYPE'  Pipe SS"
"Plumbing","25mm PVC 45' shue bend"
"Plumbing","25MM ZOLOTO ARIHANT VALVE"
"Plumbing","25MM ZOLOTO BALL VALVE"
"Plumbing","25x20mm cpvc bushing"
"Plumbing","3"" HALF THREDED WASTE COUPLING"
"Plumbing","3/4"" X 1/2"" C.I BUSHING"
"Plumbing","32 MM CPVC ELBOW"
"Plumbing","32 MM CPVC PIPE"
"Plumbing","32 mm CPVC Pipe SDR-11 (3 Mtr Length Pipe)"
"Plumbing","32 MM CPVC TEE"
"Plumbing","32 MM TANK NIPPLE"
"Plumbing","32*20MM CPVC BUSHING"
"Plumbing","32*20MM CPVC TEE"
"Plumbing","32*25MM CPVC BUSHING"
"Plumbing","32*25MM CPVC TEE"
"Plumbing","32MM CPVC BRASS FTA"
"Plumbing","32MM CPVC BRASS MTA"
"Plumbing","32MM CPVC COUPLER"
"Plumbing","32MM CPVC FTA SDR-11"
"Plumbing","32MM CPVC PIPE"
"Plumbing","32MM CPVC TEE"
"Plumbing","32MM GI PIPE CLASS B"" 1I'"
"Plumbing","32MM x 25mm CPVC BUSHING"
"Plumbing","32MM ZOLOTO BALL VALVE"
"Plumbing","40 mm CPVC Pipe SDR-11 (3 Mtr Length Pipe)"
"Plumbing","40 MM PVC END CAP"
"Plumbing","40 MM PVC FLEXIBLE PIPE"
"Plumbing","40 MM PVC TEE"
"Plumbing","40 X 20 MM TEE"
"Plumbing","40*20MM CPVC TEE"
"Plumbing","40*25MM CPVC TEE"
"Plumbing","40×32mm CPVC Bushing"
"Plumbing","40MM  CPVC ELBOW"
"Plumbing","40MM 6KG PVC ISI PIPE 6MTR"
"Plumbing","40mm Cpvc 45 shue"
"Plumbing","40MM CPVC BRASS FTA"
"Plumbing","40MM CPVC BRASS MTA"
"Plumbing","40MM CPVC COUPLER"
"Plumbing","40MM CPVC END CAPE"
"Plumbing","40MM CPVC FTA SDR-11"
"Plumbing","40MM CPVC PIPE"
"Plumbing","40mm cpvc tank nipple"
"Plumbing","40mm cpvc union"
"Plumbing","40MM PVC 45 SHUE"
"Plumbing","40mm PVC 45' Shue Bend."
"Plumbing","40MM PVC ELBOW 1I"""
"Plumbing","40MM PVC ELBOW PLUMBING"
"Plumbing","40MM PVC END CAP"
"Plumbing","40MM PVC END CAP PLN"
"Plumbing","40mm PVC pipe (6kg) -3mtr."
"Plumbing","40MM PVC PIPE 6KG"
"Plumbing","40MM PVC SHOU BEND"
"Plumbing","40MM PVC TEE"
"Plumbing","40MM ZOLOTO BALL VALVE"
"Plumbing","40x20MM CPVC TEE"
"Plumbing","40X32MM CPVC BUSHING"
"Plumbing","40X32MM PVC BUSH"
"Plumbing","50 LPH RO"
"Plumbing","50 mm cpvc brass mta"
"Plumbing","50 mm CPVC elbow"
"Plumbing","50 MM CPVC PIPE - SDR -11 TYPE"
"Plumbing","50 mm CPVC Pipe SDR- 11 (3 Mtr Length Pipe)"
"Plumbing","50 mm CPVC Tranjection Bushing"
"Plumbing","50 mm CPVC Transection Bushing"
"Plumbing","50 mm upvc brass fta"
"Plumbing","50 PVC PIPE (6KG)"
"Plumbing","50 X 40 MM PVC SHUE 45"
"Plumbing","50*20MM CPVC TEE"
"Plumbing","50*40MM CPVC TEE"
"Plumbing","50×40mm PVC Bush."
"Plumbing","50×50mm CPVC Brass MTA"
"Plumbing","50MM 12.5KG H.D.P.E. PIPE"
"Plumbing","50MM BRASS BALL COCK"
"Plumbing","50mm brass mta cpvc"
"Plumbing","50MM CPVC 45 SHUE."
"Plumbing","50MM CPVC BRASS FTA"
"Plumbing","50MM CPVC COUPLER"
"Plumbing","50MM CPVC END CAPE"
"Plumbing","50MM CPVC PIPE"
"Plumbing","50MM CPVC TANK ADAPTOR"
"Plumbing","50mm CPVC Tank niple"
"Plumbing","50MM CPVC TEE"
"Plumbing","50mm cpvc union"
"Plumbing","50MM CPVC UNION SCH-80"
"Plumbing","50MM PVC 45 SHUE"
"Plumbing","50mm PVC coupler."
"Plumbing","50mm PVC End Cap"
"Plumbing","50mm pvc fta"
"Plumbing","50mm PVC Pipe"
"Plumbing","50mm PVC pipe (6 kg) (3 Mtr length of Each Pipe)."
"Plumbing","50MM PVC PIPE 6KG"
"Plumbing","50mm PVC shue bend."
"Plumbing","50MM X 40MM CPVC REDUCER SDR-11"
"Plumbing","50MM X 40MM PVC BUSHING"
"Plumbing","50MM ZOLOTO BALL VALVE"
"Plumbing","50MM ZOLOTO BALL VAVLE"
"Plumbing","50mm Zoloto Brash ball valve"
"Plumbing","50mm Zoloto NRV Valve"
"Plumbing","50x20MM CPVC REDUCER"
"Plumbing","50x25MM CPVC BUSH"
"Plumbing","50x25MM CPVC TEE"
"Plumbing","50x32MM CPVC BUSH"
"Plumbing","50x32MM CPVC TEE"
"Plumbing","50x40 mm CPVC Bushing"
"Plumbing","50X40MM CPVC BUSHING"
"Plumbing","50X40MM PVC BUSH"
"Plumbing","50X40mm pvc reducer"
"Plumbing","6"" DIA PVC DOWNTAKE PIPE - GREY COLOR"
"Plumbing","6"" x 6"" FLOOR TRAP"
"Plumbing","63MM PVC ELBOW"
"Plumbing","63MM PVC TEE"
"Plumbing","65 mm CPVC Coupler"
"Plumbing","65 mm CPVC elbow"
"Plumbing","65 mm CPVC Pipe-SCH-80 (3 Mtr Length Pipe)"
"Plumbing","65 mm Tee"
"Plumbing","65×65mm CPVC Brass MTA"
"Plumbing","65m Zoloto Brash ball valve"
"Plumbing","65mm brass mta cpvc"
"Plumbing","65MM CPVC 45 SHUE"
"Plumbing","65MM CPVC COUPLER"
"Plumbing","65mm CPVC endcap"
"Plumbing","65MM CPVC PIPE"
"Plumbing","65mm zoloto ball valve"
"Plumbing","65MM ZOLOTO BALL VAVLE"
"Plumbing","65x25MM CPVC BUSHING"
"Plumbing","65x25MM CPVC TEE"
"Plumbing","65x40MM CPVC TEE"
"Plumbing","65x50 mm CPVC Reducer"
"Plumbing","65x50MM CPVC TEE"
"Plumbing","75 * 1.5"" PVC Reducer"
"Plumbing","75/50MM PVC BUSHING"
"Plumbing","75mm HDPE End Cap"
"Plumbing","75mm HDPE MTA"
"Plumbing","75mm HDPE Pipe 4 Kg"
"Plumbing","75mm HDPE TEE"
"Plumbing","75mm multy trap (Size : 110 mm x 75 mm x 50 mm)."
"Plumbing","75MM PVC ""Y"""
"Plumbing","75MM PVC 45 Shue"
"Plumbing","75mm PVC 45' Shue bend."
"Plumbing","75MM PVC COUPLER"
"Plumbing","75MM PVC ELBOW S/F"
"Plumbing","75MM PVC END CAP"
"Plumbing","75mm PVC FTA"
"Plumbing","75mm PVC Pipe"
"Plumbing","75MM PVC PIPE 6KG"
"Plumbing","75MM PVC PIPE A-TYPE 6MTR"
"Plumbing","75MM PVC PLAN BEND"
"Plumbing","75mm PVC plane bend."
"Plumbing","75MM PVC S/F COUPLER"
"Plumbing","75MM PVC SELFIT ISI NAHANI TRAP -3"""
"Plumbing","75mm x 25 mm PVC Bushing"
"Plumbing","75x25MM PVC BUSHING"
"Plumbing","75x50MM PVC BUSH"
"Plumbing","75x50MM PVC REDUCER"
"Plumbing","75X63MM PVC BUSH"
"Plumbing","8 X 1.5 CI BORE CAP"
"Plumbing","80 LTR WATER COOLER"
"Plumbing","80 mm CPVC coupler"
"Plumbing","80 mm CPVC Pipe-SCH-80 (3 Mtr Length Pipe)"
"Plumbing","80MM CPVC PIPE"
"Plumbing","80x20MM CPVC REDUCER"
"Plumbing","80x50 mm CPVC Tee"
"Plumbing","80x65 mm CPVC Tee"
"Plumbing","80X65MM CPVC REDUCER"
"Plumbing","ANGLE COCK"
"Plumbing","ARIS 2 WAY ANGLE COCK SHI"
"Plumbing","Connection Pipe 2"""
"Plumbing","Connection pipe 2ft long"
"Plumbing","COPPER COUPLER-15 MM"
"Plumbing","COPPER COUPLER-22 MM"
"Plumbing","COPPER COUPLER-28 MM"
"Plumbing","COPPER COUPLER-35 MM"
"Plumbing","COPPER COUPLER-54 MM"
"Plumbing","COPPER ELBOW-15MM"
"Plumbing","COPPER ELBOW-22MM"
"Plumbing","COPPER ELBOW-28MM"
"Plumbing","COPPER ELBOW-35MM"
"Plumbing","COPPER ELBOW-54MM"
"Plumbing","COPPER PIPE-15MM"
"Plumbing","COPPER PIPE-22MM"
"Plumbing","COPPER PIPE-28MM"
"Plumbing","COPPER PIPE-35MM"
"Plumbing","COPPER PIPE-54MM"
"Plumbing","COPPER REDUCER ELBOW-22 x 12 MM"
"Plumbing","COPPER REDUCER ELBOW-22 x 15 MM"
"Plumbing","COPPER REDUCER ELBOW-28 x 15 MM"
"Plumbing","COPPER REDUCER ELBOW-28 x 22 MM"
"Plumbing","COPPER REDUCER ELBOW-54 x 22 MM"
"Plumbing","COPPER REDUCING TEE - 22 X 15 X 22 MM"
"Plumbing","COPPER REDUCING TEE-28 x 15 MM"
"Plumbing","COPPER REDUCING TEE-28 x 22 MM"
"Plumbing","COPPER REDUCING TEE-35 x 15 MM"
"Plumbing","COPPER REDUCING TEE-35 x 22 MM"
"Plumbing","COPPER REDUCING TEE-35 x 28 MM"
"Plumbing","COPPER REDUCING TEE-54 x 28 MM"
"Plumbing","COPPER REDUCING TEE-54 x 35 MM"
"Plumbing","COPPER TEE-15 MM"
"Plumbing","COPPER TEE-22 MM"
"Plumbing","COPPER TEE-28 MM"
"Plumbing","COPPER TEE-35 MM"
"Plumbing","COPPER TEE-54 MM"
"Plumbing","COUPLER PVC 110MM"
"Plumbing","Cp Conector pipe"
"Plumbing","Cp extension nipple 15*40mm long"
"Plumbing","CP Nipple (Extension) 1/2""x1"""
"Plumbing","CPVC BRASS ELBOW"
"Plumbing","CPVC Brass Elbow -20X15mm"
"Plumbing","CPVC Brass Elbow- 20X 15mm"
"Plumbing","CPVC Brass MTA -20 x 20 mm"
"Plumbing","CPVC BRASS MTA 40MM"
"Plumbing","CPVC BRASS MTA 80 MTA 25MM"
"Plumbing","CPVC BRASS MTA 80 MTA 50MM"
"Plumbing","CPVC BRASS MTA 80 MTA 80MM"
"Plumbing","CPVC Brass MTA-20 x 15 mm"
"Plumbing","CPVC Brass mta-20x15mm"
"Plumbing","CPVC COUPLER 20MM"
"Plumbing","CPVC COUPLER 40MM"
"Plumbing","CPVC Coupler- 20 mm"
"Plumbing","CPVC COUPLING SCH-80 100MM"
"Plumbing","CPVC ELBOW 40MM"
"Plumbing","CPVC ELBOW 90* 25MM"
"Plumbing","CPVC ELBOW 90* 50MM"
"Plumbing","CPVC ELBOW 90* SCH-80  80MM"
"Plumbing","CPVC ELBOW 90* SCH-80 100MM"
"Plumbing","CPVC Elbow-20 mm"
"Plumbing","CPVC END CAP SCH-80 100MM"
"Plumbing","CPVC END CAP SCH-80 50MM"
"Plumbing","CPVC END CAP SCH-80 80MM"
"Plumbing","CPVC End Cap-20 mm"
"Plumbing","CPVC END CAP:-40MM"
"Plumbing","CPVC End Plug-1/2 inch"
"Plumbing","CPVC PIPE 20MM"
"Plumbing","CPVC PIPE 40MM"
"Plumbing","CPVC PIPE SCH-80 110MM 5MTR"
"Plumbing","CPVC PIPE SCH-80 80MM 5MTR"
"Plumbing","CPVC PIPE SDR-11 25MM"
"Plumbing","CPVC PIPE SDR-11 50MM"
"Plumbing","CPVC Pipe SDR11 -20 mm"
"Plumbing","CPVC REDUCER 50x25"
"Plumbing","CPVC REDUCER SCH-80 80x25"
"Plumbing","CPVC REDUCER TEE SCH-80 100x25"
"Plumbing","CPVC REDUCER TEE SCH-80 100x50"
"Plumbing","CPVC REDUCER TEE SCH-80 100x80"
"Plumbing","CPVC REDUCER-SCH-80-65 X 50 MM"
"Plumbing","CPVC SHOU BEND 45* SCH-80 100MM"
"Plumbing","CPVC SOLUTION 500ML"
"Plumbing","CPVC Solvent"
"Plumbing","CPVC Solvent 237 ml"
"Plumbing","CPVC TEE SCH-80 100mm"
"Plumbing","CPVC Tee-20 mm"
"Plumbing","CPVC Tranjunction Bushing -20x20mm"
"Plumbing","CPVC TRASITION BUSHING 25x25"
"Plumbing","CPVC TRASITION BUSHING 50x50"
"Plumbing","DI GRATING JALI 350MM X 750 MM WITH FRAME"
"Plumbing","DIGITAL GAS ALARM PANEL : FOR 2 GAS SERVCIES"
"Plumbing","DIGITAL GAS ALARM PANEL : FOR 3 GAS SERVCIES"
"Plumbing","DIGITAL GAS ALARM PANEL : FOR 5 GAS SERVCIES"
"Plumbing","ELECTRIC GEYSER : 10 LTR STORAGE"
"Plumbing","ELECTRIC GEYSER : 15 LTR STORAGE"
"Plumbing","EMERGENCY SYSTEM : 12 CYLINDER EMERGENCY SYSTEM WITH REGULATOR"
"Plumbing","EMERGENCY SYSTEM : NITROUS OXIDE 02 CYLINDER EMERGENCY SYSTEM"
"Plumbing","Flexible drain pipe"
"Plumbing","FLOAT VALVE 2"""
"Plumbing","Floor  trap (jali)"
"Plumbing","FLOOR TRAP (6""X6"") Zali"
"Plumbing","FLOOR TRAP/GRATINGS"
"Plumbing","FOAMCORE PIPE : 160 MM DIA"
"Plumbing","FOAMCORE PIPE : 200 MM DIA"
"Plumbing","FOAMCORE PIPE : 250 MM DIA"
"Plumbing","FOAMCORE PIPE : 315 MM DIA"
"Plumbing","GULLEY TRAP"
"Plumbing","HALF THREDED WASTE COUPLING"
"Plumbing","HOLD TITE"
"Plumbing","HOLD TITE 500GRM"
"Plumbing","INFRA PUMPS-OPEN WELL 0.5HP DECORA WITH MCB PANEL BORD"
"Plumbing","INFRA PUMPS-SINTEX - 3000 LTRS WATER TANK"
"Plumbing","ISOLATION VALVE : 12 MM (RB SERIES 1510)"
"Plumbing","ISOLATION VALVE : 15 MM (RB SERIES 1510)"
"Plumbing","ISOLATION VALVE : 28 MM (RB SERIES 1510)"
"Plumbing","ISOLATION VALVE : 35 MM (RB SERIES 1510)"
"Plumbing","ISOLATION VALVE : 54 MM (RB SERIES 1510)"
"Plumbing","Light Fans etc-Geyser (Electric)"
"Plumbing","Linner Drain trap 100*500mm"
"Plumbing","LUBRICANT"
"Plumbing","M PVC BRUSH"
"Plumbing","MANIFOLD SCYLINDER : NITROUS OXIDE MANIFOLD CYLINDER"
"Plumbing","MANIFOLD SYSTEM : OXYGEN 12+12 MANIFOLD SYSTEM"
"Plumbing","NITRILE RUBBER INSULATION"
"Plumbing","OII G.I COPLING"
"Plumbing","PANEL : OXYGEN CHANGEOVER PANEL"
"Plumbing","PANLE : NITROUS OXIDE CHANGEOVER PANEL"
"Plumbing","Pipes+Others-100MM CPVC ELBOW 90 DEG SCH-80"
"Plumbing","Pipes+Others-100MM CPVC PIPE SCH-80"
"Plumbing","Pipes+Others-100MM CPVC SHOU BEND 45 DEG SCH-80"
"Plumbing","Pipes+Others-100mm/25 mm cpvc tee"
"Plumbing","Pipes+Others-100x80 CPVC REDUCER SCH-80"
"Plumbing","Pipes+Others-25 mm cpvc brass mta"
"Plumbing","Pipes+Others-25 mm cpvc elbow"
"Plumbing","Pipes+Others-25 mm zoloto air release Valve spring loaded brass type"
"Plumbing","Pipes+Others-25 mm zoloto ball valve"
"Plumbing","Pipes+Others-40MM CPVC UNION"
"Plumbing","Pipes+Others-50 mm cpvc elbow -"
"Plumbing","Pipes+Others-50 MM CPVC FTA"
"Plumbing","Pipes+Others-50 mm cpvc pipe"
"Plumbing","Pipes+Others-50 mm cpvc plane mta-"
"Plumbing","Pipes+Others-50 MM CPVC UNION"
"Plumbing","Pipes+Others-50/40 mm cpvc bushing -"
"Plumbing","Pipes+Others-50mm cpvc ball valve-"
"Plumbing","Pipes+Others-50mm cpvc tee-"
"Plumbing","Pipes+Others-65MM CPVC ELBOW 90DEG SCH-80"
"Plumbing","Pipes+Others-80 MM  CPVC TEE"
"Plumbing","Pipes+Others-80 MM BUTEERFLY VLAVE"
"Plumbing","Pipes+Others-80 MM CPVC COUPLING"
"Plumbing","Pipes+Others-80 MM CPVC ELBOW"
"Plumbing","Pipes+Others-80 MM DIA CPVC PIPE"
"Plumbing","Pipes+Others-80 MM FLANGE"
"Plumbing","Pipes+Others-80 mm nrv flange types"
"Plumbing","Pipes+Others-80 MM SHUE BEND"
"Plumbing","Pipes+Others-80 mm y steiner flange types"
"Plumbing","Pipes+Others-80 X 50 MM CPVC REDUCER"
"Plumbing","Pipes+Others-80MM CPVC ELBOW 90DEG SCH-80"
"Plumbing","Pipes+Others-80x50 CPVC REDUCER SCH-80"
"Plumbing","Pipes+Others-80x65 CPVC REDUCER SCH-80"
"Plumbing","Pipes+Others-BRASS FLOAT VALVE 2"""
"Plumbing","Pipes+Others-CPVC BRASS FTA 50MM"
"Plumbing","Pipes+Others-CPVC COUPLING SCH-80 80MM"
"Plumbing","Pipes+Others-CPVC PIPE 80MM SCH-80"
"Plumbing","Pipes+Others-CPVC TEE 80MM"
"Plumbing","Pipes+Others-CPVC TRANSITION BUSH IPSXCTS 100x50"
"Plumbing","Pipes+Others-CPVC TRANSITION BUSH IPSxCTS 65x50"
"Plumbing","Pipes+Others-CPVC TRANSITION BUSH IPSxCTS 80x50"
"Plumbing","Pipes+Others-CPVC VANSTONE FLANGE 100MM"
"Plumbing","Pipes+Others-CPVC VANSTONE FLANGE 80MM"
"Plumbing","Pipes+Others-LOOK 65MM"
"Plumbing","Pipes+Others-Primer 500ML"
"Plumbing","Pipes+Others-RUBBER WASHER 80MM"
"Plumbing","Pipes+Others-ZOLOTO BUTTERFLY VALVE"
"Plumbing","PRIMER 500ML"
"Plumbing","PU SHAPE DRAIN T-6 LID 450 X 450 B- SOLID"
"Plumbing","PVC 'B' TYPE COUPLER :- 75MM"
"Plumbing","PVC 'B' TYPE PIPE :- 75MM"
"Plumbing","PVC 45° Sleeve -110 mm"
"Plumbing","PVC 45° Sleeve-40 mm"
"Plumbing","PVC 45° Sleeve-75 mm"
"Plumbing","PVC BEND :- 110MM"
"Plumbing","PVC Bend-110 mm"
"Plumbing","PVC Bush-50×40 mm"
"Plumbing","PVC Coupler-110 mm"
"Plumbing","PVC Coupler-50 mm"
"Plumbing","PVC Coupler-75 mm"
"Plumbing","PVC DOOR BEND"
"Plumbing","PVC DOOR T :- 75MM"
"Plumbing","PVC DOOR TEE:-110MM"
"Plumbing","PVC Elbow -75 mm"
"Plumbing","PVC ELBOW 40MM"
"Plumbing","PVC ELBOW 50MM"
"Plumbing","PVC Elbow-40 mm"
"Plumbing","PVC Elbow-50 mm"
"Plumbing","PVC ELBOW:- 32MM"
"Plumbing","PVC END CAP :- 50MM"
"Plumbing","PVC END CAP :- 75MM"
"Plumbing","PVC END CAP 160mm"
"Plumbing","PVC End Cap- 40 mm"
"Plumbing","PVC End Cap-110 mm"
"Plumbing","PVC FITTING COUPLER- 160MM DIA"
"Plumbing","PVC FITTING PIPE - 110MM BEND 45 DEGREE"
"Plumbing","PVC Gully Trap- 160×110 mm"
"Plumbing","PVC MULTI TRAP"
"Plumbing","PVC MULTI TRAP 110mmX75mm"
"Plumbing","PVC Multi Trap-110×75 mm"
"Plumbing","PVC NAHANI TRAP"
"Plumbing","PVC NAHANI TRAP 110mmX75mm"
"Plumbing","PVC PIPE - 110MM DIA SWR TYPE-B"
"Plumbing","PVC PIPE - 160MM DIA SWR TYPE-B"
"Plumbing","PVC PIPE :- 110MM"
"Plumbing","PVC PIPE :- 40MM"
"Plumbing","PVC PIPE :- 50MM"
"Plumbing","PVC PIPE B-TYPE :- 160MM"
"Plumbing","PVC PIPE B-TYPE :- 32MM"
"Plumbing","PVC Pipe- 40 mm"
"Plumbing","PVC Pipe-110 mm"
"Plumbing","PVC Pipe-75 mm"
"Plumbing","PVC PLAN BEND 75MM"
"Plumbing","PVC SHUE 40MM"
"Plumbing","PVC SHUE 45 :-110MM"
"Plumbing","PVC SHUE 45 :-50MM"
"Plumbing","PVC SHUE 45 :-75MM"
"Plumbing","PVC SOLVENT - 500ML TIN"
"Plumbing","PVC Solvent (500 ML - 20 Nos)."
"Plumbing","PVC SOLVENT CEMENT"
"Plumbing","PVC SOLVENT WITH BRUSH"
"Plumbing","PVC SWR Pipe- 110 mm"
"Plumbing","PVC TEE 40MM"
"Plumbing","PVC TEE 50MM"
"Plumbing","PVC Tee- 50 mm"
"Plumbing","PVC VENT COWEL 110MM"
"Plumbing","PVC VENT COWEL 75MM"
"Plumbing","PVC Y -110 mm"
"Plumbing","PVC Y-75 mm"
"Plumbing","PVD REGULER FLOOR DRAINER 150 X150 MM + BOWL SS304 STALER BLACK FINISH (CODE-FALDU)"
"Plumbing","rainwaterJali (For Tarece) 150 mm"
"Plumbing","REDUCER COUPLER -  22 MM X 15 MM"
"Plumbing","REDUCER COUPLER -  28 MM X 15 MM"
"Plumbing","REDUCER COUPLER -  28 MM X 22 MM"
"Plumbing","REDUCER COUPLER -  35 MM X 22 MM"
"Plumbing","REDUCER COUPLER -  54 MM X 22 MM"
"Plumbing","REDUCER COUPLER -  54 MM X 28 MM"
"Plumbing","REDUCER COUPLER -  54 MM X 35 MM"
"Plumbing","RO System"
"Plumbing","Ruber Lubricant For Ringfit Pipes Connection                 (500 gm - 20 nos)."
"Plumbing","SF BEND 160MM"
"Plumbing","SF DOUBLE Y 160MM"
"Plumbing","SINTEX - 1000 LTRS WATER TANK"
"Plumbing","SINTEX - 5000 LTRS WATER TANK"
"Plumbing","SINTEX LOFT TANK (750 LTR)"
"Plumbing","SOLVANT : PVC SOLVO BOND-501"
"Plumbing","Solvent"
"Plumbing","SPARSH 40MM BALL COCK ROD&BALL"
"Plumbing","SS Flexible Tube"
"Plumbing","Sun or Teplon Tape (50 feet)"
"Plumbing","taplone tap 12mtr leghth"
"Plumbing","TEFLON TAPE 10MTR HEAVY"
"Plumbing","TEFLON TAPE 8MTR"
"Plumbing","TEPLON TAPE"
"Plumbing","TEPLONE TAP"
"Plumbing","TEPLONE TAPE"
"Plumbing","TERMINAL OUTLET : AIR 4 BAR  INDIGENOUS GAS OUTLET"
"Plumbing","TERMINAL OUTLET : AIR 7 BAR  INDIGENOUS GAS OUTLET"
"Plumbing","TERMINAL OUTLET : NITROUS INDIGENOUS GAS OUTLET"
"Plumbing","TERMINAL OUTLET : OXYGEN INDIGENOUS GAS OUTLET"
"Plumbing","TERMINAL OUTLET : VACUUM  INDIGENOUS GAS OUTLET"
"Plumbing","TOP ENTRY VALVE BOX : FOR 2 GAS SERVICES"
"Plumbing","TOP ENTRY VALVE BOX : FOR 3 GAS SERVICES"
"Plumbing","TOP ENTRY VALVE BOX : FOR 5 GAS SERVICES"
"Plumbing","U-PVC  PIPE : 110 MM DIA"
"Plumbing","U-PVC  PIPE : 110 MM DIA - B TYPE"
"Plumbing","UPVC Coupler - 20 mm"
"Plumbing","V5 7.5 HP 20 STAGE PUMP SET"
"Plumbing","Waste Pipe"
"Plumbing","Water Cooler"
"Plumbing","WATER HEATER GEYSER OF 25 LITERS CAPACITY"
"Plumbing","WATER HEATER GEYSER OF 35 LITERS CAPACITY"
"Plumbing","WATER HEATER GEYSER OF 50 LITERS CAPACITY"
"Plumbing","ZOLOTO BALL VALVE"
"Plumbing","Zoloto Ball Valve-20 mm"
"Plumbing","ZOLOTO BRASS VALVE 25MM"
"Plumbing","ZOLOTO BRASS VALVE 50MM"
"Plumbing","ZOLOTO BRASS VALVE 80MM"
"Sanitaryware","13425AL1 SPOUT  ( Grohe)"
"Sanitaryware","2 FEET LONG CP CONNECTOR"
"Sanitaryware","ACACIA E ROUND VESSEL BASIN WT CL0509I-6 DACTLA ( Grohe)"
"Sanitaryware","Adjustable Leg of wall mixer"
"Sanitaryware","American Standard Wall Hung WC (CCAS3140- 3W20400F0)"
"Sanitaryware","Angle Cock (Grohe)"
"Sanitaryware","ARIS CONCEALED COCK K.P."
"Sanitaryware","BASIN RACK BOLT"
"Sanitaryware","BASIN TAP"
"Sanitaryware","BIB COCK - 2 IN 1 BIB COCK"
"Sanitaryware","BIB TAP"
"Sanitaryware","BIP COCK"
"Sanitaryware","BODY CONCEATED 33963000  ( Grohe)"
"Sanitaryware","Bottel Trap (BOTTLE TRAP 350MM)"
"Sanitaryware","BOTTLE TRAP"
"Sanitaryware","BOTTLE TRAP FOR WASH BASIN & SINK"
"Sanitaryware","Bottle Trap-6"""
"Sanitaryware","Cabinet Mirror"
"Sanitaryware","Cabinet Mirror (Mirror) (Plastic)"
"Sanitaryware","CCASF608- 0000410F0  OVA OVAL ABOVE COUNTER ( Grohe)"
"Sanitaryware","Chair Bracket  (Regular)"
"Sanitaryware","chair bracket for wc"
"Sanitaryware","COMPACT OUTLET CONNECTOR ASSEMB -wc pan connector"
"Sanitaryware","CONCEALED FLUSH TANK"
"Sanitaryware","Concealed flush tank (EVOFLUSH FRAMLESS MECH IN WALL TA)"
"Sanitaryware","CONCELD STOP COCK - CONCELED BODY - 1/2"" - (15 MM)"
"Sanitaryware","CONCELD STOP COCK - TOP PART - TRIM"
"Sanitaryware","CP CONNECTION PIPE - 2 FEET LONG"
"Sanitaryware","Diverter  (Grohe)"
"Sanitaryware","Divertor concealed part (AQUA TURBO 230 MANUAL VALVE )"
"Sanitaryware","Divertor top parts ( FORE ARC AT230 RBS TRIM ASSY)"
"Sanitaryware","ESSENCE 1 -HANDLE BASIN MIXER WITHOUT POP-UP XL SIZE 32901A01   ( Grohe)"
"Sanitaryware","EWC WAL HUNG TYPE"
"Sanitaryware","FLUSH PLATE"
"Sanitaryware","Flush Tank - 3898700 (Grohe)"
"Sanitaryware","Flush tank cover plate ( RIVIERA IWT FACEPLATE MECHANICAL-CP)"
"Sanitaryware","FLUSH TANK PIPE"
"Sanitaryware","Health facet  (HEALTH FAUCET W/SDSPRAY, METAL HOS)"
"Sanitaryware","HEALTH FACUET (JET SPARY)"
"Sanitaryware","Mirror Cabinet"
"Sanitaryware","OPEN FLUSH TANK WITH DUAL CONCELD BUTTONS"
"Sanitaryware","OVER HEAD SHOWER"
"Sanitaryware","OVER HEAD SHOWER  (F160039)"
"Sanitaryware","Paper holder"
"Sanitaryware","Pilar cock (FORE ARC WM COLD ONLY TRIM ASS)"
"Sanitaryware","piler cock concealed parts (WM COLD ONLY VALVE)"
"Sanitaryware","Piller cock"
"Sanitaryware","RAINSHOWE SMART ACTIVE 130 HAND SHOWER 9.5 L 26574AL0   ( Grohe)"
"Sanitaryware","RAINSHOWER HANDSHOWER HOLDER 27074A00   ( Grohe)"
"Sanitaryware","Rose Soap Dispenser"
"Sanitaryware","S S 316 NAPKING RING"
"Sanitaryware","S.S 316 NAPKIN RING"
"Sanitaryware","Shower  (APT ROUND SHOWER )"
"Sanitaryware","SHOWER ARM"
"Sanitaryware","Shower Arm  (SHOWER ARM WITH ESCUTCHEON)"
"Sanitaryware","SHOWER HOSE 1750 MM 28388A00                   ( Grohe)"
"Sanitaryware","Signature WH Seat Cover  U20U420C0 (Grohe)"
"Sanitaryware","Sinck Cock (Grohe)"
"Sanitaryware","Sink"
"Sanitaryware","SINK COCK"
"Sanitaryware","SINK COCK (WALL MOUNTED TYPE)"
"Sanitaryware","SKATE COSMOPOLITANFLUSH PLATE , HARD GRAPHITE 38732A00  ( Grohe)"
"Sanitaryware","Soap Dish"
"Sanitaryware","Soap dispancer"
"Sanitaryware","Soap Dispenser"
"Sanitaryware","SPOUT"
"Sanitaryware","Spout (APT BATH SPOUT W/O DIVERTER)"
"Sanitaryware","STOP COCK - CONCELED BODY"
"Sanitaryware","STOP COCK - TOP PART - TRIM"
"Sanitaryware","TAPS"
"Sanitaryware","TAPS - BASIN TAP"
"Sanitaryware","TEMPESTA 250 HEADSHOWER SET 9.5 L 26668AL0  ( Grohe)"
"Sanitaryware","TEMPESTA TRIGGER SPRAY SET , HARD GRAPHITE 27513A01  ( Grohe)"
"Sanitaryware","TOWEL RAIL"
"Sanitaryware","TOWEL RING"
"Sanitaryware","TWO IN ONE BIB TAP"
"Sanitaryware","Two way bib cock -APT 2-WAY BIB"
"Sanitaryware","URINAL"
"Sanitaryware","urinal bracket"
"Sanitaryware","URINAL CONNECTION PIPE - 1 FEET LONG"
"Sanitaryware","URINAL FLAT"
"Sanitaryware","URINAL FLUSH VALVE"
"Sanitaryware","URINAL SPREADER"
"Sanitaryware","URINALS"
"Sanitaryware","Wall hung toilet with Quiet- Close™ UF seat cover in white-with seat cover"
"Sanitaryware","WALL MIXER"
"Sanitaryware","WASH BASIN"
"Sanitaryware","WASH BASIN - COUNTER TYPE"
"Sanitaryware","WASH BASIN - WALL HUNG TYPE"
"Sanitaryware","Wash Basin -(Vessel without de)/Counter top"
"Sanitaryware","Waste Coupling"
"Sanitaryware","Waste Coupling  (COMPLEMENTARY GRID DRAIN,LONG)"
"Sanitaryware","WASTE COUPLING -  FULL THREADED FOR BASIN"
"Sanitaryware","WASTE COUPLING CERAMIC 5"" POPUP (CODE-ESS)"
"Sanitaryware","WC(LARA)"
"Site & Consumables","102 (A) Porta Cabins-Portable Cabin"
"Site & Consumables","102 (M) Porta Cabins-G I Bunk House - 20 ft"
"Site & Consumables","108 (M) Site Clearing Work-Monsoon Protection Sheet"
"Site & Consumables","11 KV CAUTION BOARD"
"Site & Consumables","11 KV HANDGLOWS"
"Site & Consumables","440 VOLT HANDGLOWS"
"Site & Consumables","A4 Size Envelopes"
"Site & Consumables","Acrylic key box"
"Site & Consumables","Battery (cell)"
"Site & Consumables","Broom - Phool"
"Site & Consumables","BROWN CELLO TAPE - 2'' WIDTH X  100MTR LONG"
"Site & Consumables","Brush"
"Site & Consumables","Calculator"
"Site & Consumables","Cell (Battery)"
"Site & Consumables","Chair - Plastic (Plastic)"
"Site & Consumables","Construction Safety Helmet"
"Site & Consumables","Cupboard ( Steel )"
"Site & Consumables","Cupboard Metal"
"Site & Consumables","Dustbin - Lightweight (Pedal foot)"
"Site & Consumables","Dustbins (Pedal Foot)"
"Site & Consumables","Duster"
"Site & Consumables","Eraser"
"Site & Consumables","Extra battery for RB 120"
"Site & Consumables","Files"
"Site & Consumables","FIRST AID KIT"
"Site & Consumables","First Aid laminated chart"
"Site & Consumables","Floor protection sheet - white colour  4 X 6 feet size of 5mm thickness"
"Site & Consumables","Folder"
"Site & Consumables","Hand Pallet Truck-Fork:1150 x 685 x 86, Nylon Wheel"
"Site & Consumables","HDPE Fabric (Tarpaulins)"
"Site & Consumables","Helmet"
"Site & Consumables","Highlighter"
"Site & Consumables","Humb Mid Back Chair"
"Site & Consumables","Injection Molded Plastic Pallet – Model: AP1212NJS8 BLU, Size: 1200×1200×150 mm, Load Capacity: Static 6000 Kg / Dynamic 1200 Kg / Racking 1200 Kg, 100% Virgin HDPE with 8 Steel Reinforcements, Non-reversible with 3 Runners & Strapping Hook."
"Site & Consumables","M SEAL 1KG"
"Site & Consumables","Marker"
"Site & Consumables","Mattress (Foam)"
"Site & Consumables","Note Book"
"Site & Consumables","Pen"
"Site & Consumables","Pencils"
"Site & Consumables","Plastic Folder With ziplock"
"Site & Consumables","Plastic sheet"
"Site & Consumables","Plastic Stamp Pad No 2 Camel"
"Site & Consumables","Portable Cabin"
"Site & Consumables","Punch Kangaro Dp-500"
"Site & Consumables","Punch machine"
"Site & Consumables","PVC Floor Protection Sheet, 5 mm thick"
"Site & Consumables","Rain Coat"
"Site & Consumables","RB 120 with Diual Side Brush"
"Site & Consumables","Register"
"Site & Consumables","Register Q 3"
"Site & Consumables","ROOTSSCRUB B4545  LA BATTERY with PPN Brush"
"Site & Consumables","RootsScrub RB750 STD with  BRUSH ASSY 750 WITH  CENTRE LOCK (PP) - 2 Brushes  required (Price Quoted is for 2  Brushes)"
"Site & Consumables","Rope"
"Site & Consumables","Scale Steel 12 in. Ajanta"
"Site & Consumables","Sketch Pen"
"Site & Consumables","Spring file"
"Site & Consumables","Stapler"
"Site & Consumables","Stapler Kangaro HD-10D"
"Site & Consumables","Stapler pin"
"Site & Consumables","Stationery"
"Site & Consumables","Stationery - A4 Printing paper"
"Site & Consumables","Stationery - Spring File"
"Site & Consumables","Sticky Notes"
"Site & Consumables","Supadi"
"Site & Consumables","Table - Folding"
"Site & Consumables","Table (Wooden)"
"Site & Consumables","Tape"
"Site & Consumables","Text Lashing With Ratchet With Handle Endless, Size: 25mm, Length: 5 Meters, Strength: 1.5 Ton, Colour: Orange"
"Site & Consumables","Transparent Rectangular Container (500 ml)"
"Site & Consumables","Trunking & Floor Raceways-PAINT BRUSH"
"Site & Consumables","Trunking & Floor Raceways-THINNER"
"Site & Consumables","Umbrella"
"Site & Consumables","White PP Corrugated Sheet thickness -3 mm"
"Site & Consumables","Whitener"
"Site & Consumables","Writing Pad"
"Waterproofing","DAMAR PATTO 4"" ROLL"
"Waterproofing","Mataseal PI"
"Waterproofing","Mataseal T6"
"Waterproofing","Mataseal WL  (Liquid) ( 20 liter ) Bucket"
"Waterproofing","Mataseal WL  (Powder ) ( 30 Kg )"
"Waterproofing","Mataseal WL Liquid"
"Waterproofing","Mataseal WL Powder (Grey)"
"Waterproofing","Mataseal WL Powder (White)"
"Waterproofing","MATASEAL WL POWDER (WHITE) 3 BAGS X 30 KG"
"Waterproofing","Mataseal-WL-(Liq)"
"Waterproofing","MATASEAL-WL-(LIQ) 3 CANS X 20 KG"
"Waterproofing","Silco SP"
"Waterproofing","URP CHEMICAL : DR.FIXIT URP 20 LTR-301"